88900,5200,2,954,31,1,0,3
15397,100868,2,774,31,1,0,18
6750,72500,2,35,20,1,0,16
21500,122200,2,468,38,0,0,12
29994,89900,2,672,8,1,0,20
12000,130921,2,838,58,1,0,15
19000,61675,2,263,59,0,0,11
12000,93000,2,417,23,0,0,18
10300,51000,1,581,16,0,0,13
114998,5018,2,822,40,1,1,4
8500,170000,2,631,38,1,0,22
79900,8974,2,954,38,0,0,6
17500,91239,2,410,38,1,0,10
51890,37366,2,825,17,2,1,6
37000,32670,7,1134,38,1,0,5
75900,1966,2,234,32,1,1,4
20900,56578,1,262,23,1,0,8
5899,89144,6,1145,38,1,0,32
42442,31181,2,558,36,0,0,5
31000,29719,1,787,38,1,0,9
39998,61720,1,971,40,0,1,9
10750,157405,2,358,38,1,0,13
38500,63000,2,985,23,0,0,16
52500,85000,0,921,16,0,0,7
20000,36000,2,88,12,1,0,15
55000,52000,3,800,31,1,0,6
15500,78568,3,166,38,1,0,12
37000,52000,2,437,59,0,0,12
13750,87500,2,492,31,1,0,13
17000,118000,2,1030,59,0,0,14
66000,25108,2,1004,31,2,1,6
5500,99600,2,103,16,1,0,20
67900,15736,4,790,31,1,0,3
60000,18362,2,991,38,1,0,6
15500,72900,2,576,16,1,0,17
16500,130000,2,643,8,0,0,22
71998,41545,3,516,40,1,1,4
6500,212500,2,271,38,1,0,20
47999,67073,2,917,2,0,0,7
10500,125000,2,276,31,1,0,14
35999,23749,7,1133,1,1,1,5
27750,117780,2,423,10,1,0,10
10500,140200,2,602,16,1,0,10
16500,182000,2,753,38,0,0,9
33364,15324,2,551,32,0,1,6
39000,14900,2,715,20,1,0,10
15500,138415,2,753,38,0,0,12
62000,19600,2,884,23,0,0,8
15000,107800,2,804,38,0,0,19
41100,42780,2,928,59,0,0,8
8500,152000,2,604,38,0,0,13
36000,10500,2,359,31,1,0,6
113000,41000,2,1082,31,1,0,8
36340,73837,2,527,32,1,0,7
33998,32580,2,196,40,1,1,7
16000,90000,2,112,50,1,0,11
50500,56235,2,884,20,1,0,10
50998,28744,2,820,40,1,1,7
61998,27654,3,520,40,1,1,5
46998,923,7,1142,40,1,1,3
103500,9670,2,910,59,1,0,6
52500,44800,2,881,16,1,0,7
16499,66200,2,420,16,1,0,15
34645,26870,2,200,32,0,0,6
12998,171750,1,502,8,0,0,22
81330,14806,2,1083,59,0,0,7
16000,64500,2,586,12,0,0,18
36000,19300,2,689,31,1,0,7
57000,3400,2,436,2,1,0,3
34000,84500,2,860,38,1,0,12
22500,70015,6,1145,8,1,0,33
45000,16800,7,504,0,1,0,3
8500,81219,2,318,20,1,0,18
175000,2000,3,1087,35,1,0,3
23000,56600,2,597,58,1,0,22
13000,85766,2,329,38,1,0,11
105500,7388,7,734,0,1,0,3
179900,5918,2,569,25,1,1,8
39985,65550,2,1035,59,1,0,12
5750,220000,2,585,38,1,0,19
51900,35700,2,593,38,0,0,4
109900,8532,0,524,4,1,1,3
16500,45000,2,260,38,1,0,10
24999,146700,2,423,10,0,0,12
90200,75980,6,1145,38,1,0,33
53600,39900,2,1022,31,1,0,8
28900,44500,2,324,35,1,0,7
76000,20500,2,771,38,1,0,7
22000,70000,2,886,20,1,0,16
22500,145000,2,672,8,1,0,21
22000,97097,2,593,38,0,0,16
15700,67686,2,31,38,1,0,5
25500,74000,2,157,38,1,0,7
25987,35550,2,225,32,0,0,5
32368,44692,2,558,32,1,1,7
13500,91140,2,263,23,1,0,12
59750,40900,2,1051,23,1,0,11
47995,18051,2,980,40,1,0,4
59400,57800,2,1082,16,2,1,17
54490,11500,2,637,2,1,0,3
43500,15000,2,928,20,1,0,5
14699,47466,2,510,40,1,1,8
129000,15000,2,1019,23,1,0,6
11995,115000,2,387,38,1,0,11
93999,8200,7,1109,38,1,0,3
19500,120000,0,394,16,1,0,10
9999,132000,2,432,38,1,0,15
6800,155500,2,277,38,0,0,18
56000,46000,2,992,23,1,0,9
56999,9006,2,372,35,1,0,4
62479,16238,7,678,0,1,0,4
51900,19813,2,771,31,1,0,7
29995,57550,2,329,20,1,0,11
14490,141525,2,765,38,1,0,14
15000,137000,0,367,8,1,0,24
35000,52500,1,801,38,1,0,8
45999,15741,2,980,32,1,1,4
54999,19590,2,637,2,1,0,5
26900,86000,2,482,59,1,0,8
32999,134000,2,881,31,1,0,9
15000,195000,6,1145,38,1,0,31
28500,82323,2,325,20,1,0,18
29998,34322,0,190,40,1,1,8
46120,46347,2,566,32,1,1,4
59590,5006,2,972,3,1,1,3
22500,55564,0,332,31,0,0,12
28000,92000,2,593,16,1,0,11
194965,1518,2,941,31,1,0,3
240000,1912,2,1100,31,1,0,5
62900,41050,2,731,2,1,0,5
23000,59203,2,356,38,1,0,9
62499,100,0,448,2,1,0,4
38500,14442,2,456,35,1,0,5
12995,63172,2,252,38,0,0,13
24999,75137,2,346,53,0,0,19
54900,22354,2,528,25,1,1,6
7300,242000,2,463,38,1,0,25
15000,86000,2,702,10,1,0,19
29000,18000,2,862,16,1,0,13
30999,110000,1,730,38,1,0,10
19950,90000,2,576,31,1,0,13
25999,68750,2,650,20,1,0,11
47000,24500,3,397,59,1,0,4
38400,27000,2,356,31,1,0,5
46552,33818,2,966,40,1,0,4
39951,25240,2,207,3,0,1,5
35000,64000,1,465,38,1,0,8
21900,38000,2,482,35,1,0,11
58998,21613,2,190,40,1,1,5
20000,58500,2,640,12,0,0,16
16995,52675,2,391,12,1,0,25
129000,10900,2,946,20,1,0,18
79950,28200,4,755,59,0,0,7
32750,32000,2,126,59,1,0,7
4995,124756,2,37,53,0,0,23
75798,9949,2,820,40,1,1,7
12995,100795,2,558,17,0,0,10
27950,74000,2,498,31,1,0,8
32000,40600,2,368,23,1,0,9
25000,198868,0,721,16,1,0,13
21500,49872,2,577,23,0,0,10
89000,28121,2,1062,3,1,1,5
40000,1050,2,310,16,1,0,4
32300,11650,2,445,59,1,0,4
29500,29720,2,633,31,1,0,9
30275,81301,2,551,32,1,0,7
36495,23100,7,887,38,1,0,6
16000,54000,2,90,38,0,0,9
7450,98528,2,87,10,0,0,19
20990,114890,2,863,59,1,0,15
9500,134000,2,383,12,0,0,17
64000,26520,2,838,23,0,0,4
21500,62200,2,179,38,0,0,7
82000,9980,2,731,2,1,0,3
29000,30000,2,356,31,0,0,7
27450,13610,2,225,32,1,1,4
15000,126500,2,576,38,1,0,12
34000,55000,2,771,59,1,0,9
17500,51300,2,59,12,1,0,11
43999,33481,2,529,36,1,1,7
14500,85760,2,589,8,1,0,30
46900,6090,2,324,38,1,0,3
59549,18651,2,1035,59,1,0,11
7900,111000,2,187,38,1,0,17
45000,8660,2,928,31,1,0,8
36000,32250,2,384,38,0,0,5
48459,25352,2,553,3,1,0,5
10900,300183,2,709,38,0,0,20
41500,49000,2,836,23,2,1,14
24200,72000,2,802,31,0,0,9
27000,32000,2,186,38,1,0,7
42950,20200,2,731,16,0,0,8
46500,43000,2,468,38,1,0,6
38383,26088,2,559,32,1,1,5
21750,27407,2,586,12,1,0,20
69000,79000,2,1040,31,1,0,16
20470,136390,2,978,24,1,0,11
21500,27300,2,753,16,1,0,12
259991,3771,2,962,40,1,1,5
199998,324,2,819,40,1,1,3
165000,24500,2,1015,31,1,0,5
38000,26500,2,723,31,0,0,8
24950,52500,4,355,59,0,0,9
8500,99700,2,385,16,1,0,19
24500,146200,2,881,31,1,0,10
22000,95570,1,850,38,0,0,13
17500,161000,2,482,16,1,0,9
39799,52775,2,468,31,1,0,7
7000,139000,2,176,38,1,0,25
17999,76500,2,596,23,1,0,12
30999,1094,2,5,41,1,1,3
66500,43500,2,717,23,1,0,11
9499,81696,2,420,16,0,0,16
31000,29500,2,601,31,1,0,4
9999,135000,2,576,31,1,0,15
64250,34254,2,1017,10,1,0,22
39999,11649,2,456,35,2,1,3
25000,45000,2,236,20,0,0,12
38500,4520,2,359,31,1,0,4
18500,88000,2,688,59,1,0,10
33800,59500,1,698,38,1,0,12
41995,36000,2,689,31,0,0,7
17500,153600,2,576,20,1,0,14
65990,535,2,830,20,1,0,3
43000,95000,1,440,38,1,0,8
63100,10748,3,539,40,1,1,3
12900,96680,2,54,12,0,0,27
22500,45000,2,98,20,0,0,9
49999,34967,3,780,31,0,0,5
34999,44000,2,456,38,1,0,6
45000,38000,2,468,31,1,0,6
6999,142500,3,1120,38,1,0,17
4500,179700,2,119,38,0,0,16
39777,13777,2,295,31,0,0,4
18000,148000,1,653,38,1,0,14
43000,20000,2,883,38,1,0,8
27500,37375,2,830,16,1,0,9
19500,127600,1,645,38,1,0,17
94000,18000,2,1081,31,1,0,5
131999,22185,2,567,18,1,0,5
68495,29800,2,939,2,1,0,8
29998,35000,2,596,23,1,0,12
69000,21400,0,448,2,1,0,4
38000,31000,2,338,38,0,0,9
114998,23278,2,514,40,1,1,6
13000,96476,2,480,16,1,0,11
16900,244000,1,653,38,1,0,19
61000,50780,0,905,16,1,0,9
29500,28663,2,200,25,1,1,7
9750,191775,1,629,16,0,0,17
22500,76465,2,638,31,0,0,14
110000,5000,2,1117,59,1,0,3
57500,61000,2,680,59,1,0,8
9950,205000,2,631,38,0,0,26
25650,123500,2,731,16,1,0,11
12000,66840,2,603,38,0,0,20
44600,56000,2,471,38,1,0,9
32000,25918,2,309,59,1,0,5
12000,117292,2,329,38,1,0,11
25000,102200,2,731,38,1,0,11
83000,31112,2,940,31,1,0,4
13715,127558,2,550,17,1,0,12
30000,92031,2,731,38,0,0,9
54999,65000,0,169,23,0,0,12
40500,177000,0,788,16,0,0,12
29950,62285,2,677,23,0,0,10
28900,51850,2,830,59,1,0,8
16800,88600,2,263,38,0,0,10
6500,32652,2,152,16,1,0,16
49998,26293,2,196,40,1,1,6
38500,93000,2,731,38,1,0,6
35999,23900,2,338,35,1,0,7
14995,98658,2,741,10,1,0,15
51998,820,2,208,30,1,1,3
30919,77856,2,551,17,1,0,10
18000,102000,2,416,53,0,0,11
39998,7652,2,1061,40,1,1,4
18995,89563,2,596,23,1,0,12
20989,89352,2,621,16,0,0,9
47000,8400,2,468,31,0,0,4
67999,18526,0,1076,17,1,1,7
8900,91900,2,417,10,1,0,18
15000,68860,2,129,50,0,0,11
47500,67400,2,777,38,1,0,6
36500,14280,3,354,38,1,0,4
24000,14950,2,63,38,0,0,4
44775,28567,2,961,40,1,1,5
35000,149130,0,721,16,0,0,11
24998,48200,2,329,35,1,0,9
24999,48210,2,447,59,1,0,8
15550,85385,2,267,20,1,0,11
6880,137600,2,117,20,1,0,17
45515,41000,2,860,31,2,1,6
8500,132800,2,249,12,2,1,29
172900,6397,2,969,25,1,1,5
32063,28548,2,221,17,1,1,6
17500,89148,2,417,38,1,0,10
29950,53782,2,932,20,0,0,8
79999,13750,2,901,2,1,0,4
37698,30455,2,228,40,1,1,4
60000,13700,3,780,31,2,1,5
12449,123200,2,457,38,0,0,14
23450,49000,2,338,38,1,0,8
60000,2550,2,731,2,1,0,4
74995,3099,4,790,31,1,0,3
34998,37226,2,535,40,1,1,7
30000,93000,2,731,38,0,0,10
80998,23430,2,1072,40,1,1,6
45999,15607,2,980,32,1,1,4
68000,78000,2,717,59,1,0,12
16995,82000,2,329,31,0,0,10
18800,113395,1,850,16,0,0,13
68750,28000,7,1109,0,1,0,4
52999,70800,2,1002,59,1,0,9
14311,116500,2,221,17,1,0,10
9500,76296,2,152,16,0,0,11
20900,49400,2,126,16,1,0,6
56000,50500,2,729,20,1,0,19
23000,74139,2,468,20,1,0,10
59500,500,3,345,38,1,0,3
6299,187000,2,588,38,1,0,22
12468,95271,1,158,38,2,1,11
17999,245000,0,671,38,0,0,23
67500,54225,2,998,38,1,0,6
29999,32000,7,429,38,1,0,8
22500,136150,2,693,59,0,0,7
19250,55000,2,596,38,1,0,12
14500,120000,2,676,59,0,0,14
28500,38560,2,878,20,0,0,12
115000,15168,2,784,20,1,0,10
10199,90400,2,695,23,1,0,19
35000,132500,2,668,20,1,0,18
12000,96000,2,702,10,0,0,21
8500,100000,2,78,38,0,0,8
7000,239000,3,497,38,1,0,14
23999,80300,2,699,23,1,0,11
4200,120644,6,1145,12,1,0,33
57500,38800,2,1022,59,1,0,6
43666,48641,2,972,3,1,1,5
34998,3574,2,4,60,1,1,3
51000,9472,2,372,38,1,0,5
10995,97700,2,582,59,1,0,16
21500,75073,1,595,23,1,0,12
7995,155000,2,293,38,0,0,21
59000,101000,2,1018,59,1,0,13
64900,2533,2,593,38,1,0,3
42000,78500,2,913,31,0,0,9
11000,110450,2,317,16,1,0,10
89999,4500,7,1128,0,1,0,3
52999,44741,2,917,2,1,0,7
17999,43073,2,200,17,1,1,10
23800,54200,2,178,38,1,0,5
185950,1877,2,906,31,1,0,3
13995,152000,2,402,38,0,0,20
72567,36632,2,998,31,2,1,8
45023,45578,2,764,2,1,0,8
15100,17500,2,40,38,1,0,10
67000,18000,2,926,59,1,0,8
26000,36700,2,839,20,1,0,21
6995,215000,2,710,38,0,0,20
149500,37800,2,1043,59,1,0,9
39995,77107,2,553,3,2,1,5
84500,28182,2,936,23,0,0,8
30000,124700,2,860,16,1,0,12
15000,118000,2,753,16,1,0,9
23500,133504,2,862,20,1,0,15
29950,56300,2,752,38,1,0,8
9900,114287,2,834,16,1,0,18
35000,55000,2,253,8,0,0,15
35297,68816,2,200,32,1,0,6
24000,79000,2,329,35,1,0,10
104000,26000,2,881,2,1,0,5
8500,140450,2,47,8,0,0,14
38000,24000,7,488,0,1,0,5
52000,250,7,504,0,1,0,4
33000,27000,2,888,59,1,0,11
41998,2118,2,192,40,1,1,3
92888,7500,2,881,2,1,0,3
11900,124000,2,312,38,1,0,13
16500,62660,2,161,38,1,0,7
31750,39300,2,650,31,0,0,8
18500,133500,2,863,20,1,0,18
6975,100730,2,124,38,1,0,17
40500,62500,2,884,23,0,0,10
29500,57000,2,596,23,0,0,9
10500,94155,2,443,8,1,0,18
54995,59271,2,771,38,1,0,7
29000,46000,2,404,31,0,0,7
44315,24423,2,566,32,1,1,5
9250,199000,2,417,23,1,0,15
47698,51247,2,517,40,1,1,6
26000,94000,2,664,16,1,0,9
31113,7578,3,10,40,1,1,3
16500,83000,2,430,31,1,0,10
10400,89000,2,241,38,1,0,24
6500,170552,2,175,8,0,0,30
43000,51400,2,935,31,1,0,11
36570,31015,2,200,3,1,0,6
4500,94000,6,1145,38,1,0,31
5500,90625,2,269,38,1,0,22
24440,112552,2,972,17,0,0,11
65999,27224,7,1133,1,1,1,6
54999,46000,2,689,59,1,0,6
14000,126760,2,276,38,0,0,11
89999,21000,2,782,59,1,0,5
33500,31681,2,457,38,0,0,7
31500,67035,2,368,59,0,0,8
93500,1885,7,1128,0,1,0,3
69500,22000,2,934,38,1,0,6
49573,48879,2,972,40,1,1,7
38598,25990,2,520,40,1,1,6
24900,85095,2,913,31,0,0,12
36500,60000,2,689,31,1,0,7
9000,170000,2,471,8,0,0,21
51000,21000,7,849,38,1,0,8
99900,4700,3,958,35,1,0,5
24350,71000,1,785,38,0,0,10
54998,3415,2,543,52,1,1,3
34500,29000,2,353,38,1,0,7
55000,25500,2,1035,23,1,0,10
96998,10906,2,822,40,1,1,6
23000,70700,2,913,31,0,0,11
26990,37161,2,221,36,1,0,7
79500,10500,2,263,38,1,0,7
27999,65000,2,423,38,1,0,12
99900,12000,2,954,38,0,0,5
36950,184700,2,334,12,1,0,27
85000,36500,2,881,59,1,0,5
30000,23777,2,170,20,1,0,4
7900,85000,6,1145,38,1,0,32
124995,13554,2,864,20,1,0,6
17000,160000,2,323,38,0,0,18
42500,10832,3,692,23,1,0,7
31995,47885,2,578,20,2,1,25
49999,14976,2,980,32,1,0,4
13000,148000,2,112,38,1,0,9
27875,26468,2,210,17,0,0,4
28500,22300,2,371,8,1,0,25
9000,152000,2,148,16,1,0,14
17000,161000,2,797,8,0,0,18
26900,89400,2,777,38,1,0,16
17500,78110,2,112,38,2,1,9
53500,28000,2,831,38,1,0,4
29500,137500,2,881,38,0,0,10
28995,70891,2,387,59,1,0,8
23000,96000,4,866,59,0,0,10
25500,4004,2,163,16,1,0,4
204900,14381,2,815,24,1,1,8
17000,79000,2,148,59,1,0,12
40000,46000,3,615,50,1,0,7
21000,38100,2,753,38,1,0,10
43000,50000,2,689,31,1,0,7
68995,59528,2,1062,3,1,0,5
29900,63400,2,686,38,1,0,8
83999,22000,3,889,35,1,0,6
41900,63875,3,803,31,0,0,6
22222,44000,2,596,59,0,0,14
11000,111000,2,241,38,1,0,25
68000,32000,0,266,38,1,0,6
30500,16000,2,596,23,0,0,11
45000,29500,2,353,38,1,0,6
6700,132272,2,398,53,0,0,19
51900,33500,7,1001,38,1,0,8
75500,7000,3,899,2,1,0,4
35645,28886,2,549,17,2,1,6
25500,36500,2,291,16,0,0,8
30900,59300,2,300,53,1,0,21
15000,207100,2,753,16,0,0,14
25500,39700,2,417,16,1,0,10
72900,6600,2,897,2,0,0,4
29000,27989,2,309,38,1,0,6
24899,19319,2,221,17,0,0,6
24000,89000,2,576,31,1,0,10
58500,73091,0,914,38,0,0,7
17500,100574,2,580,31,0,0,10
103900,31500,2,1003,31,1,0,10
45500,34672,2,831,2,1,0,7
13500,19700,2,170,16,1,0,12
143998,3534,3,819,40,1,1,3
72999,46100,2,952,16,1,0,16
43500,48500,2,714,59,0,0,7
20950,58664,2,576,31,0,0,11
73900,4000,2,954,31,0,0,3
49995,25756,2,935,31,1,0,11
12500,116000,2,123,38,0,0,13
33499,13400,2,310,16,1,0,4
11499,74500,7,108,38,1,0,12
10000,84352,4,168,50,0,0,11
14750,78007,2,123,38,1,0,12
31300,102260,7,1001,0,1,0,10
17000,92225,2,633,38,0,0,11
9250,90367,2,28,20,1,0,17
54599,15042,2,200,36,1,1,5
28499,141195,1,1059,17,2,1,8
29500,69404,4,866,31,0,0,9
75000,46000,3,800,31,1,0,4
38781,16878,2,200,3,1,0,5
34999,110000,2,731,38,0,0,9
25500,51300,2,183,16,0,0,7
38000,33012,7,734,0,1,0,7
19900,59600,2,596,59,1,0,14
67000,20500,2,1081,31,1,0,8
10995,137000,2,162,23,1,0,9
134999,25568,2,523,28,1,0,6
53900,6188,7,929,38,1,0,3
8500,132000,2,312,59,0,0,16
16700,71000,2,329,59,0,0,12
36000,1000,2,852,59,1,0,10
35470,35289,2,559,32,2,1,6
41599,18333,2,559,32,1,1,4
41500,46200,2,699,59,0,0,10
11900,33272,2,181,38,0,0,23
29000,58600,2,679,38,0,0,7
39750,40950,2,699,23,1,0,8
80000,17900,3,744,35,0,0,6
24995,45253,4,355,59,1,0,8
43642,43329,2,553,3,1,0,5
17100,150000,2,624,38,0,0,11
62900,33655,2,782,31,1,0,10
80140,30951,2,528,32,1,0,7
16500,45000,2,119,38,0,0,9
15000,125000,2,329,38,1,0,11
11100,41059,2,301,10,1,0,21
93500,15350,2,881,2,1,0,5
33600,26000,2,878,59,1,0,9
77900,17451,2,553,3,1,1,4
14195,95400,2,410,38,2,1,12
78999,3273,2,954,59,1,0,3
23300,105100,2,576,31,0,0,9
36000,50000,2,699,23,1,0,10
36998,26609,7,1133,40,1,1,8
34955,25083,2,551,17,0,0,8
49750,33088,2,667,23,1,0,12
15900,57690,2,161,38,0,0,8
7858,73500,2,115,38,0,0,17
25215,52253,2,221,17,0,0,5
18000,235000,2,441,38,2,1,8
7000,175722,2,598,38,1,0,21
31900,13000,2,164,38,1,0,3
30499,92813,7,429,0,1,0,8
24900,99524,2,789,31,0,0,13
55900,49500,2,934,38,1,0,7
35300,46102,2,891,23,1,0,10
173995,22001,2,1060,32,1,0,6
65900,26500,2,901,38,1,0,4
14500,139804,2,184,38,0,0,12
209991,14586,2,967,40,1,1,9
66000,7800,4,927,31,1,0,4
23105,100564,2,978,24,1,1,8
15900,32697,2,63,16,0,0,8
41329,5779,2,559,32,2,1,5
26000,81400,2,498,31,0,0,10
20599,83280,2,558,17,1,1,9
92000,3763,0,945,2,1,0,3
75000,49000,2,1105,27,1,0,10
32769,81778,2,553,40,1,0,7
36500,33060,2,468,31,1,0,6
55000,1500,2,490,59,1,0,3
19999,51983,2,576,20,1,0,17
45000,15500,2,896,59,1,0,13
48500,27000,2,423,38,1,0,5
199991,27404,2,962,40,1,1,6
61599,37428,2,777,16,1,0,6
41000,72836,2,372,35,1,0,5
46000,7600,2,928,20,0,0,4
50658,44362,2,980,32,1,0,6
14500,167500,2,503,38,1,0,20
46599,14636,2,980,32,1,1,4
50000,10500,2,830,59,2,1,4
12000,90305,2,365,38,1,0,16
24000,62662,2,416,53,0,0,9
19500,128000,2,482,38,1,0,10
23754,66075,2,536,32,1,1,7
18853,46000,2,598,38,1,0,22
17800,83100,6,1145,38,1,0,10
5000,190395,2,160,38,1,0,21
104500,2750,2,1125,31,1,0,6
15999,121500,2,749,10,1,0,12
10750,177000,1,653,8,0,0,19
13850,126000,2,738,59,2,1,23
48000,63990,2,777,16,0,0,8
40036,22457,7,1133,40,1,1,4
24899,139116,2,558,40,0,0,7
42691,84351,2,553,3,1,0,5
94000,250,7,1128,38,2,1,3
24590,39192,2,212,36,1,1,6
41500,84500,2,922,23,1,0,12
41999,30554,7,1133,1,1,1,6
175000,2800,2,1004,31,1,0,3
9750,159870,2,113,38,0,0,14
39000,25025,2,773,16,0,0,18
6000,405000,2,161,50,1,0,13
42500,89988,2,861,38,0,0,12
29748,135484,2,972,17,2,1,10
14800,80000,2,398,38,1,0,14
67900,39071,2,815,32,1,1,9
28998,52750,3,737,23,0,0,10
84999,12500,2,954,59,1,0,6
26000,39886,2,638,59,0,0,12
71999,60747,2,947,16,0,0,17
125900,8603,2,529,32,1,1,3
52000,23400,2,881,38,1,0,5
86000,41500,4,755,59,1,0,7
13490,129858,2,236,16,0,0,13
19500,68000,2,888,16,0,0,16
9500,40000,5,75,38,1,0,10
34500,77400,2,869,31,0,0,16
90000,15183,2,1113,31,1,0,5
5000,110000,2,443,38,1,0,20
17900,124250,2,319,38,0,0,11
4000,165000,2,387,38,0,0,23
49900,94100,7,1001,38,0,0,9
39998,10120,3,194,40,1,1,4
195000,350,2,1004,59,1,0,3
35700,70780,3,618,50,1,0,8
87500,5194,2,1062,33,1,1,6
16000,68364,2,40,59,1,0,10
54900,17000,7,848,38,1,0,3
91000,2500,7,1128,38,1,0,3
22989,100080,1,470,16,1,0,12
36800,22200,2,477,35,1,0,6
129000,3500,2,1094,31,1,0,3
11500,46508,2,284,59,0,0,20
4399,153250,2,89,16,1,0,13
45000,75151,2,928,20,0,0,8
17800,68500,2,835,59,1,0,14
59950,5483,2,213,32,1,1,3
85000,8000,3,690,38,1,0,4
32850,14900,2,880,20,2,1,23
25000,95000,2,487,8,1,0,30
15000,72639,2,165,50,0,0,14
77535,36294,0,1078,40,2,1,4
35000,23133,2,896,20,1,0,16
77999,18950,2,983,59,1,0,13
35000,39132,2,839,59,1,0,20
37899,26100,2,498,31,1,0,8
30500,60260,2,775,8,0,0,22
17899,71312,2,607,16,1,0,8
12499,71000,2,71,12,1,0,23
10500,207000,2,364,20,0,0,18
29900,33000,2,338,35,0,0,8
24590,72060,2,558,32,1,1,9
35000,41965,2,985,59,0,0,17
23998,85275,2,540,40,0,1,12
162500,4100,3,1055,31,1,0,4
45000,42000,2,922,23,1,0,12
11500,67200,2,311,38,1,0,19
22999,142792,2,731,16,1,0,11
38633,23588,2,559,32,2,1,5
10995,94000,2,456,59,0,0,20
4900,199296,2,421,38,1,0,21
14900,71000,2,99,12,1,0,23
26095,52246,0,1069,21,1,0,16
66200,42526,2,904,23,1,0,10
6000,45000,2,365,38,1,0,22
17000,100100,6,1145,59,1,0,16
54900,1400,2,928,2,1,0,4
78499,20000,2,624,2,1,0,3
28000,76500,2,616,20,0,0,18
43000,23000,2,468,38,1,0,4
32500,5182,2,61,38,1,0,3
27500,20200,2,839,16,1,0,19
4999,218000,2,111,20,0,0,20
36499,68000,2,356,31,1,0,5
27000,99000,2,626,16,1,0,11
65000,96000,2,868,38,1,0,10
33950,54423,2,883,31,1,0,9
16000,87892,2,267,20,1,0,10
14000,127000,2,598,23,1,0,21
20999,87066,2,623,31,1,0,13
13500,119000,2,273,38,0,0,18
42816,49583,2,980,32,1,1,5
27500,50000,2,452,38,1,0,8
42000,76200,2,873,59,1,0,10
197499,31000,2,1084,38,1,0,8
72995,42635,2,729,59,1,0,19
49900,52300,2,699,59,1,0,7
18387,121212,2,7,41,0,0,6
82000,8681,7,1128,38,1,0,4
20900,64800,2,373,20,0,0,16
37999,128000,2,474,20,1,0,20
78000,18000,2,1099,20,1,0,17
17000,64549,2,276,59,1,0,14
24000,77000,2,677,23,0,0,10
33995,62378,2,773,53,0,0,18
119500,1500,2,859,2,2,1,3
45498,2978,2,543,40,1,1,3
39000,81000,2,687,20,1,0,25
15999,89500,2,584,38,1,0,24
23600,41650,2,621,38,1,0,9
99999,6200,2,954,59,1,0,4
65000,49750,2,457,16,1,0,10
71400,13850,2,784,20,1,0,16
42242,38612,2,566,32,1,1,5
8300,90818,2,276,38,0,0,15
14500,90000,2,676,59,1,0,13
11000,137273,2,276,38,1,0,14
5000,184421,2,582,38,1,0,18
39998,14896,2,192,5,1,1,4
85950,2700,2,954,59,1,0,5
76500,52044,2,833,27,1,0,13
38880,28690,2,677,38,1,0,8
122950,989,2,815,36,1,0,3
11900,109580,2,182,16,0,0,11
18500,87250,2,253,20,1,0,16
62999,29475,2,1114,31,1,0,8
39985,15592,2,559,32,1,0,4
15000,179400,2,643,38,0,0,23
21590,49083,2,200,36,1,1,10
13000,186117,2,349,38,1,0,22
20900,92000,2,795,23,1,0,9
72598,23044,3,520,40,1,1,6
50000,22500,2,642,38,1,0,6
32324,20220,2,795,23,1,0,9
21999,142314,2,839,20,0,0,21
27000,60100,2,781,23,1,0,17
28590,90067,2,548,17,1,1,7
13700,71924,2,135,38,1,0,9
34900,98413,2,877,59,0,0,13
48900,5040,2,498,31,0,0,5
15000,117200,2,687,16,1,0,24
12500,74750,2,165,50,1,0,14
50000,4000,2,468,31,1,0,6
26000,18800,2,353,31,1,0,8
24998,10419,2,509,60,0,1,4
23000,106000,2,686,20,0,0,12
16500,164500,2,422,16,0,0,13
5995,100545,2,250,8,1,0,20
8500,188000,2,271,38,0,0,15
5949,163500,1,465,16,1,0,14
20499,64200,3,74,50,0,0,6
68998,65852,2,822,40,1,1,6
29500,18200,2,309,38,0,0,6
40999,7346,2,987,20,1,0,19
79998,14526,2,232,40,1,1,5
21500,63150,2,356,38,1,0,9
90000,8421,3,800,38,1,0,3
25884,29558,2,223,41,1,0,7
28300,44600,2,154,50,1,0,6
34500,15889,2,329,31,1,0,12
15998,97726,2,219,60,0,1,10
65000,33000,2,1035,23,1,0,11
47999,40515,2,815,24,0,1,10
19470,167000,2,593,38,0,0,14
19995,85253,2,753,38,1,0,10
21000,71290,2,699,38,0,0,11
44998,13895,3,194,40,1,1,4
19996,54000,2,329,20,0,0,11
25500,102604,1,730,16,1,0,12
51700,35943,2,1051,23,1,0,10
49000,7100,4,594,38,1,0,4
34500,75466,2,731,16,1,0,8
46798,1408,2,196,40,1,1,4
14990,71400,2,246,20,2,1,20
49599,7661,7,1133,1,1,1,4
62500,1563,3,469,38,1,0,3
9995,92203,2,276,59,1,0,15
20150,61300,2,633,31,2,1,11
8995,83000,2,312,16,1,0,19
42000,21832,2,714,31,1,0,6
98900,10376,2,823,32,1,1,4
18999,59250,2,291,59,1,0,10
83000,35000,3,889,59,1,0,7
124000,450,3,800,31,1,0,3
56000,24108,2,372,35,1,0,6
9500,124400,2,609,16,0,0,11
14000,248000,1,379,38,0,0,16
6500,83500,2,236,59,1,0,16
16000,113000,2,405,12,0,0,13
96500,3000,2,998,31,1,0,4
67500,23300,2,901,2,1,0,4
67500,85200,0,914,2,1,0,4
10500,103990,2,300,12,1,0,25
15000,111000,2,329,31,0,0,11
29000,101900,2,423,10,1,0,10
55000,4100,2,468,38,1,0,5
23625,47147,2,550,41,1,0,6
52500,34300,3,692,31,1,0,6
36500,69423,2,652,38,1,0,17
31700,27340,2,221,17,1,1,6
33000,20750,2,582,16,1,0,13
24840,79884,2,549,36,0,1,9
29500,112000,2,624,38,0,0,11
47500,11025,2,994,20,1,0,19
18750,86202,2,329,35,1,0,10
25000,59000,2,329,31,1,0,10
30000,34845,2,500,38,0,0,9
55999,57800,2,884,59,1,0,7
229900,20069,2,815,32,1,1,5
29995,134000,2,782,38,0,0,13
17000,96000,2,461,16,1,0,11
54998,14330,2,541,40,1,1,4
244896,2000,2,1050,59,2,1,4
60500,41200,2,771,59,1,0,7
43550,50166,2,558,32,0,0,8
13000,87000,2,68,59,0,0,10
30500,16000,2,387,16,0,0,8
134000,4700,2,864,20,1,0,4
37000,94650,2,441,16,1,0,7
51900,92421,0,905,16,1,0,11
7500,140600,2,792,16,1,0,18
16000,73000,2,576,59,1,0,15
32998,62194,2,518,40,1,1,12
12750,95070,2,148,16,1,0,10
45999,100346,7,1134,0,1,0,9
5499,113000,2,342,16,1,0,17
48500,54900,3,692,38,0,0,7
49999,55250,2,884,20,1,0,10
7200,134033,2,473,38,0,0,29
48990,36700,2,712,23,0,0,7
9000,178416,6,1145,38,1,0,32
20500,119000,1,850,38,2,1,13
15900,98300,2,747,59,0,0,20
38998,11945,7,23,40,1,1,4
62595,37594,2,553,3,1,0,5
44800,41500,2,869,31,0,0,16
81900,24058,2,1136,44,1,1,4
12250,81500,2,152,38,1,0,16
32000,77000,2,407,38,1,0,15
9750,191900,2,851,38,0,0,19
24995,48000,2,620,16,0,0,10
26500,134000,2,624,38,1,0,9
56598,5541,2,520,40,1,1,6
36750,26339,2,620,31,0,0,7
44596,8727,2,213,32,1,1,3
56900,3596,2,231,3,1,1,5
15000,171000,2,151,12,0,0,25
37999,34049,3,552,41,1,1,9
44999,29322,2,538,3,1,1,4
22995,24965,2,0,41,0,0,5
17500,106700,2,684,20,1,0,13
29000,29400,2,650,20,1,0,13
5000,264893,3,265,38,0,0,20
68420,30301,2,553,3,1,0,4
7599,109000,2,86,38,0,0,11
10000,100600,6,1145,38,1,0,9
29000,8263,2,137,38,1,0,5
65500,1750,2,468,31,1,0,4
10900,117000,2,482,59,0,0,12
6500,144770,2,271,8,0,0,22
18000,55000,2,383,20,2,1,13
36000,69350,3,615,38,1,0,7
37000,54000,2,915,23,1,0,11
26500,72000,2,913,59,0,0,11
22999,78200,2,997,10,0,0,19
22550,138202,2,532,21,0,0,23
35234,76313,2,200,32,1,0,6
30990,73043,2,580,31,1,0,9
73500,23292,2,881,2,1,0,5
31933,17836,2,200,32,1,0,5
84645,4106,2,526,21,1,0,3
20000,137000,2,501,38,1,0,17
4500,109902,2,35,38,1,0,15
7200,160900,2,175,8,0,0,21
63900,7033,2,933,31,1,0,7
37500,64500,2,1051,23,2,1,12
35619,7250,2,149,20,1,0,4
43449,45867,2,1068,40,1,0,5
8000,115402,1,77,38,1,0,27
23500,40011,2,719,8,1,0,22
33700,59678,2,231,40,1,0,7
44500,76000,2,881,38,1,0,8
28000,110000,2,422,59,1,0,11
44900,41800,0,386,31,1,0,5
43000,80000,2,729,20,1,0,20
89750,29850,2,1019,31,1,0,8
43999,18083,2,558,36,1,0,5
38500,67072,2,764,38,1,0,6
38999,9642,2,549,36,1,1,4
97993,49900,6,1145,20,0,0,31
26999,73800,2,551,17,1,1,11
49000,6200,2,436,27,1,0,4
35113,32092,2,559,32,1,0,5
36000,21450,2,578,20,1,0,25
11000,132000,2,576,23,1,0,15
29995,97300,0,332,31,1,0,11
17800,93000,2,999,38,1,0,18
19500,29000,2,101,38,1,0,8
12995,64000,2,598,23,1,0,21
33333,79500,2,423,38,1,0,7
26000,83700,7,1134,38,0,0,7
7900,111300,2,417,59,1,0,18
42599,12875,2,559,32,1,1,4
18000,56000,1,653,38,0,0,14
48000,14000,2,263,23,1,0,6
76373,1539,3,539,40,0,0,3
55998,28570,2,520,40,1,1,6
37900,12100,2,903,59,1,0,14
28825,81200,2,642,31,0,0,8
12490,160000,2,315,8,0,0,28
39500,6700,2,928,2,1,0,4
151900,7008,2,906,31,2,1,5
42800,16400,2,491,38,1,0,8
70000,500,2,853,23,1,0,6
41500,45000,2,1031,16,1,0,14
103000,32500,2,1082,38,0,0,8
31950,42600,2,718,23,0,0,10
28999,94300,1,787,16,0,0,10
45950,42728,2,917,59,1,0,7
9599,58981,6,1145,38,1,0,33
31300,76400,2,913,31,0,0,10
12000,183000,2,398,38,0,0,15
8450,124542,2,408,16,1,0,15
17500,109000,2,643,38,1,0,23
22500,115600,2,772,16,1,0,10
25900,43705,2,719,20,1,0,22
32500,49600,2,928,31,1,0,10
169000,12088,2,1012,38,1,0,8
15000,63496,2,682,20,1,0,18
65000,13600,2,728,2,1,0,3
43900,9275,2,203,32,1,1,3
15000,106000,2,405,53,1,0,14
38000,74000,1,776,16,0,0,8
22000,75200,1,787,16,1,0,10
33999,103000,2,771,59,1,0,10
38405,25968,2,559,32,1,1,5
48219,8730,2,553,32,1,1,4
63998,24906,3,520,40,1,1,4
7500,77200,2,257,12,1,0,24
37405,69185,2,566,32,1,1,6
36599,24778,2,559,32,0,1,4
69995,25991,2,876,16,1,0,16
35000,56842,2,996,59,1,0,10
148500,3811,2,1050,23,1,0,8
48149,69849,2,548,3,1,0,6
42500,80200,1,787,38,1,0,7
46000,37100,1,801,2,1,0,8
49000,86000,0,805,38,1,0,11
63000,15000,3,692,38,1,0,4
185000,8700,2,1037,59,1,0,6
138999,30700,2,943,23,1,0,10
48000,10400,2,490,31,1,0,3
21000,58880,2,356,31,1,0,9
26000,111095,1,730,16,0,0,12
18998,132252,2,540,40,1,1,10
65000,44487,4,828,31,1,0,6
7950,129355,2,18,8,0,0,14
18000,21500,2,417,38,0,0,17
42000,21000,2,689,59,0,0,7
39860,61830,2,200,32,0,1,6
4750,171000,2,417,10,0,0,17
31999,120000,0,169,10,1,0,15
21000,59500,2,621,38,0,0,9
41899,56778,3,656,23,1,0,7
159500,2353,2,815,36,1,0,5
21800,61000,2,164,59,1,0,8
37950,18385,2,456,2,1,0,4
36000,31000,7,243,0,1,0,4
16000,120000,2,329,38,1,0,10
96000,12985,2,1086,35,0,0,7
9000,58800,2,172,38,1,0,25
6000,121886,2,287,38,0,0,23
31000,17300,2,621,2,1,0,5
62999,33000,2,917,38,1,0,6
41500,45900,3,692,59,0,0,7
45000,59715,2,1034,38,0,0,12
7750,160000,2,76,38,0,0,9
34000,40000,2,913,59,1,0,12
43900,9612,2,512,49,1,1,4
22450,84900,2,794,23,2,1,15
47500,18465,2,831,2,1,0,4
19000,106335,2,582,16,1,0,14
15500,70503,2,620,16,1,0,10
32999,98000,2,884,59,1,0,11
155700,2620,2,1127,31,2,1,8
55000,63750,2,798,16,0,0,18
69000,9500,2,716,23,0,0,7
33490,143290,0,95,38,1,0,10
58598,29136,2,520,40,1,1,6
42998,13133,3,194,40,1,1,4
11000,42000,2,370,38,0,0,24
49900,55000,2,881,31,0,0,9
47950,15895,2,549,3,1,1,4
11500,134000,2,702,38,1,0,28
18750,57912,2,609,20,0,0,13
11500,126225,3,166,50,0,0,13
6000,170443,6,1145,38,0,0,32
39500,91000,7,1110,38,1,0,10
59598,20394,2,976,40,0,1,11
34000,39000,2,596,59,0,0,7
85989,3158,2,954,31,1,0,4
29600,68050,2,490,31,1,0,5
21500,85000,2,580,38,2,1,15
28906,21212,2,5,41,1,1,4
25000,41000,2,468,10,1,0,10
26000,90601,2,76,50,1,0,8
26000,35566,2,404,31,0,0,7
10500,56837,2,39,59,0,0,13
20499,52105,1,290,38,0,0,10
48000,10000,7,887,38,1,0,3
62500,48900,2,716,59,1,0,9
32500,40000,2,601,38,1,0,5
15900,146000,2,175,38,0,0,21
18000,123000,2,616,16,0,0,12
15999,42000,2,486,38,0,0,24
11000,74000,2,476,20,1,0,23
49995,23823,2,528,32,1,0,6
37000,73350,2,953,31,1,0,9
20500,28333,2,159,59,1,0,8
11400,46700,2,320,16,2,1,18
17550,139105,2,558,17,0,0,9
29500,22000,3,264,38,1,0,8
64000,64000,0,921,38,1,0,8
13500,107481,2,326,38,1,0,16
15995,61000,2,68,38,1,0,9
188500,33000,2,1015,38,1,0,6
12500,52284,2,329,16,0,0,9
21000,99450,2,468,20,1,0,12
63999,22655,2,884,23,1,0,6
48889,88161,2,1062,40,0,0,6
6500,159890,2,301,38,0,0,20
9875,150000,2,485,10,0,0,25
140000,61000,2,1090,59,1,0,9
87000,25997,2,782,38,1,0,5
26999,31100,2,309,31,1,0,6
92500,542,7,1128,38,1,0,3
75000,10558,2,993,31,1,0,5
34580,22829,2,227,40,1,1,4
41598,41199,2,540,14,1,1,6
16500,60000,2,706,38,1,0,13
41598,2492,2,196,40,1,1,5
27000,66500,2,624,16,1,0,10
41000,16850,2,932,2,0,0,6
52000,52000,7,1001,38,1,0,10
17999,126000,2,836,59,1,0,14
24995,41997,2,307,16,1,0,7
13500,134000,2,329,38,0,0,10
63000,18000,2,1028,38,1,0,17
36969,27836,2,222,17,1,0,5
9975,117000,2,616,38,0,0,19
20818,68166,2,8,40,1,1,7
25995,51335,2,417,16,0,0,10
28999,23399,2,200,32,1,1,8
123999,3000,0,448,38,1,0,3
47850,33080,2,664,2,1,0,5
19500,117660,2,650,31,0,0,10
66900,35315,7,1109,0,1,0,5
37500,106000,2,593,38,1,0,11
32662,147834,2,559,17,1,0,5
23500,135140,2,422,38,1,0,11
43640,95115,0,1076,17,1,0,10
37500,7928,6,1145,20,1,0,10
35750,43000,2,309,31,1,0,4
12900,103000,2,616,16,0,0,19
25900,19000,2,164,38,2,1,5
19950,66500,2,786,38,1,0,14
16999,87500,2,587,38,1,0,23
18500,85252,2,674,16,1,0,14
36000,44373,2,625,35,1,0,5
49500,35580,3,692,31,1,0,7
5230,118600,2,294,38,0,0,24
39884,27598,2,978,36,1,1,5
10900,152520,2,238,16,1,0,14
18000,119900,2,329,20,0,0,25
30000,18000,2,693,2,0,0,5
25999,72922,2,404,16,2,1,14
57900,13566,2,522,1,1,1,5
67800,10550,7,1033,38,1,0,5
49700,18645,2,980,40,1,0,4
106798,31678,2,514,61,1,1,8
24700,64800,2,907,16,2,1,18
15999,76753,2,263,38,0,0,11
29990,5800,2,310,20,1,0,3
6000,99000,2,113,38,0,0,16
32107,42609,2,207,3,0,0,6
39998,36438,2,520,40,1,1,7
23950,36486,2,878,31,0,0,9
54599,19352,4,927,31,1,0,4
84000,2500,2,881,2,1,0,3
36950,53433,2,731,38,1,0,7
17900,104457,2,276,31,1,0,13
27900,11000,2,157,38,1,0,4
39999,29294,2,699,38,1,0,8
6700,26930,7,19,0,1,0,14
26000,49700,2,309,31,1,0,9
29000,44000,2,352,38,1,0,7
42886,40698,2,551,15,1,1,7
113000,31150,2,1043,59,1,0,9
4700,74000,2,241,8,1,0,26
59900,37500,2,691,31,1,0,6
17500,71000,4,278,38,0,0,8
6000,110000,2,312,16,0,0,15
48000,6200,2,838,35,1,0,3
24950,166549,2,731,16,0,0,9
9499,107000,2,113,38,1,0,14
57000,23250,7,1001,0,1,0,8
5900,156000,2,410,16,0,0,16
87500,17994,2,525,36,1,0,5
12900,122600,2,576,31,0,0,14
40000,77648,2,1010,23,1,0,13
13500,96000,2,329,59,0,0,13
23500,49000,2,245,23,1,0,11
14000,57000,2,318,20,1,0,17
43250,25396,2,980,32,1,0,6
22995,74381,2,356,31,0,0,8
27899,75479,2,913,59,1,0,10
9995,149437,2,155,38,1,0,28
6500,141485,2,271,38,0,0,18
13500,106700,1,483,16,1,0,13
9995,72348,2,40,38,0,0,16
43329,35938,2,566,32,1,1,4
7900,133121,3,64,38,0,0,15
24500,15500,2,63,50,0,0,3
20000,82000,2,650,23,0,0,15
47995,66150,2,1034,31,0,0,12
5500,199000,2,308,59,0,0,15
17500,150900,2,777,38,1,0,14
30500,91843,2,423,10,0,0,7
26450,65290,2,449,16,0,0,8
13900,57852,2,270,38,2,1,18
48000,19700,2,688,38,1,0,5
22000,37900,2,263,23,1,0,9
47449,48210,2,825,17,0,0,6
6000,50000,2,485,38,1,0,29
26000,54000,2,580,38,0,0,14
69000,222,2,625,38,1,0,3
49995,25000,7,887,0,1,0,6
117900,21214,2,815,36,1,1,6
13500,123500,2,616,10,0,0,18
33610,9325,2,200,32,1,1,4
15000,111000,2,765,16,0,0,13
50000,64800,2,1034,31,1,0,10
59980,51890,2,972,3,1,0,5
25900,53705,2,338,38,0,0,8
29500,78000,2,741,31,0,0,6
60995,73846,2,972,3,1,0,5
11500,112630,2,413,10,0,0,19
5800,90050,2,320,38,1,0,16
44000,25250,2,171,53,2,1,21
95999,15000,7,16,38,1,0,4
9000,145000,2,428,38,1,0,16
7000,168000,6,1145,12,1,0,33
13999,67800,2,417,23,1,0,16
15900,206000,2,174,12,0,0,29
9950,153843,2,585,16,0,0,20
27350,14700,2,236,38,1,0,6
15000,74000,2,161,16,1,0,8
68590,11597,2,1062,40,1,1,4
30750,45090,4,635,31,0,0,8
78500,9628,2,908,31,1,0,4
19500,52000,2,38,50,0,0,7
57999,6000,2,498,35,1,0,4
27900,53677,2,795,23,1,0,7
16500,101000,3,44,38,0,0,11
6250,110022,2,117,20,1,0,19
54000,77500,0,805,16,1,0,11
44900,51000,2,860,16,1,0,6
28535,2636,2,220,17,1,1,3
7500,233000,6,1145,38,1,0,30
7900,45000,2,117,20,1,0,19
6000,232492,2,271,8,0,0,19
18500,60000,2,393,38,2,1,30
17900,70000,2,607,16,0,0,9
15000,109762,2,584,10,1,0,24
20000,120000,2,576,59,2,1,12
33500,45000,2,573,2,1,0,6
30510,73049,2,548,17,0,0,8
6900,100331,2,238,38,0,0,15
67900,8500,3,780,59,1,0,3
13995,82900,2,344,38,0,0,11
47999,1275,2,310,16,1,0,4
197750,27858,2,815,33,1,0,4
35900,59692,2,468,31,1,0,7
188900,9712,2,813,25,1,1,8
50000,36905,2,779,59,1,0,5
73000,16919,0,914,2,0,0,5
27900,35900,1,787,59,0,0,12
35000,70582,2,576,31,0,0,10
33299,32117,2,558,40,1,1,4
37000,155000,2,798,16,0,0,18
26500,19900,2,862,16,1,0,14
11500,143250,2,676,59,1,0,11
48500,6000,2,625,35,1,0,3
20900,104000,2,580,23,1,0,15
87150,24059,2,1105,31,1,0,8
14500,167000,2,467,38,2,1,8
130000,76100,2,868,38,1,0,5
11000,113500,2,432,38,0,0,16
11970,131193,2,211,41,1,0,10
77900,10500,2,934,35,1,0,7
32000,73500,2,650,38,1,0,8
28979,30176,2,6,32,1,0,5
12500,118000,2,741,38,0,0,15
12000,90000,2,616,53,0,0,19
40000,5500,2,490,31,1,0,3
51800,18100,2,714,31,1,0,5
46000,137000,2,731,16,1,0,6
51000,32437,2,637,2,1,0,5
63000,49000,2,875,20,1,0,18
75950,37869,2,966,3,1,1,6
91000,2800,2,1007,20,1,0,7
39000,44000,2,723,31,1,0,8
23000,92000,2,836,31,1,0,13
4000,170000,2,479,16,0,0,15
25099,21701,2,220,17,1,1,4
22000,74500,2,862,20,1,0,15
26500,16700,2,38,38,1,0,9
15900,81648,2,1056,39,1,1,13
44999,28000,2,911,16,1,0,11
19000,7800,2,383,10,1,0,19
41599,12050,2,559,32,1,1,4
115000,18500,2,1082,31,1,0,8
12000,119000,2,276,38,1,0,14
60000,500,7,929,0,1,0,3
45500,26000,2,572,38,1,0,9
43500,57300,2,802,31,1,0,6
50999,10431,2,437,23,1,0,10
17900,118000,2,293,38,1,0,20
12975,75500,2,576,38,1,0,15
29998,10971,2,11,32,1,1,4
4000,137825,2,284,16,1,0,20
22500,80150,2,494,31,0,0,9
174900,22000,2,1052,23,1,0,7
17900,154860,2,626,16,1,0,16
7999,152000,2,184,38,0,0,22
19750,56675,2,660,59,1,0,11
39995,15000,2,356,59,1,0,5
62500,8228,2,1114,31,1,0,10
13500,142400,1,653,38,0,0,12
12995,131100,1,627,38,0,0,16
51998,40906,2,824,40,1,1,5
28750,78414,2,874,23,0,0,17
28000,15544,2,43,38,2,1,4
75000,38000,6,1145,59,2,1,30
12500,162100,1,379,8,1,0,13
53000,49990,2,418,31,1,0,6
12000,110000,2,835,59,0,0,15
109499,45014,2,1036,16,1,0,16
26772,121521,2,558,36,1,0,7
29000,127500,2,891,59,1,0,12
89995,3213,2,991,31,1,0,4
16500,43000,7,108,0,1,0,9
37500,52744,2,668,59,0,0,20
58504,2823,2,553,40,1,0,3
30900,26000,2,309,38,1,0,5
13800,84709,2,329,31,1,0,12
30990,9686,2,210,17,1,0,4
28000,67647,7,882,0,1,0,11
39650,29000,2,430,2,1,0,5
39900,88000,2,457,16,0,0,7
28450,96800,7,748,38,1,0,12
49500,36798,2,200,25,0,0,8
20000,68000,2,368,59,0,0,10
64000,79422,2,1092,31,1,0,13
13750,53000,2,492,59,0,0,14
23000,153800,1,730,16,0,0,11
9000,94500,2,160,12,1,0,22
5700,141209,2,709,38,1,0,22
34500,33300,2,781,23,1,0,18
52000,45000,2,764,59,1,0,5
16000,36500,2,271,38,1,0,19
27000,117000,2,1057,16,1,0,9
32455,28105,2,6,32,2,1,5
55000,2010,2,779,38,1,0,4
11499,87500,1,619,38,1,0,14
9999,122000,2,268,12,0,0,22
20500,65000,2,88,38,1,0,13
15500,103272,2,623,31,1,0,14
46500,32268,1,787,16,1,0,7
8950,145000,2,286,38,1,0,22
13895,80134,1,198,18,1,0,9
59950,8400,2,838,23,1,0,4
46900,71962,2,936,35,1,0,8
13900,73000,2,308,38,1,0,13
22000,145000,2,719,38,1,0,23
9000,114528,2,740,38,1,0,19
14500,123500,2,402,38,0,0,18
21500,65000,2,684,20,1,0,14
154900,13250,2,943,23,1,0,11
68990,7455,2,1062,40,1,1,4
63998,38020,2,963,40,1,1,8
62000,18196,2,830,59,1,0,4
41000,86000,0,721,16,0,0,9
12240,149460,0,720,38,0,0,18
33000,124838,2,777,38,1,0,12
11900,99200,2,417,38,1,0,15
27995,49750,2,852,59,1,0,9
14500,70612,2,245,23,1,0,12
9850,95798,2,236,20,1,0,18
32000,51700,2,760,59,1,0,8
27500,53900,2,417,38,1,0,10
65000,50000,2,782,38,1,0,8
31599,95212,2,699,31,1,0,9
209000,5989,2,959,55,1,1,8
31999,9400,7,251,0,1,0,4
12900,101750,2,340,38,1,0,19
44000,30500,2,353,38,1,0,6
82500,200,3,899,2,1,0,3
27500,69771,2,307,38,1,0,7
55999,68000,2,917,2,0,0,6
29998,20000,7,251,0,1,0,4
22500,54002,2,604,38,0,0,7
116911,26000,2,872,59,1,0,9
17900,39000,2,360,59,0,0,11
33000,95000,2,423,38,1,0,8
8300,155000,2,433,16,1,0,16
6000,190000,2,291,16,0,0,14
53000,40000,2,1004,59,1,0,6
51074,3521,2,980,40,1,0,4
42000,42000,2,994,20,1,0,20
50000,52000,0,721,16,1,0,8
16000,103000,2,858,16,1,0,14
73000,51354,2,868,23,1,0,10
47500,27300,2,468,38,1,0,4
32000,86000,2,1035,59,1,0,13
5900,118500,2,472,38,0,0,24
8900,87000,2,152,38,0,0,12
8550,220450,2,349,38,1,0,22
14995,37216,2,270,38,0,0,19
15599,55359,2,9,18,1,1,9
39900,57000,2,468,31,1,0,7
15990,95500,2,311,38,0,0,15
22000,80300,2,726,23,0,0,11
40459,15520,2,559,32,1,0,5
57300,8100,2,574,59,1,0,3
25307,26269,1,560,32,0,1,9
69685,17381,2,980,32,1,0,4
28500,50400,2,368,59,1,0,8
55998,19701,2,514,40,1,1,6
28500,66500,2,625,38,1,0,5
9999,112000,2,66,50,1,0,13
27518,9927,2,221,17,1,0,6
104999,123112,2,781,38,0,0,19
22000,142666,2,918,31,0,0,10
46000,17500,3,647,2,1,0,4
28250,23152,2,492,31,1,0,6
27000,98200,2,863,23,1,0,15
35998,84184,2,540,40,1,1,8
15400,118500,1,290,38,0,0,11
19212,15175,2,221,17,0,1,8
12999,143250,2,576,31,1,0,12
17900,95000,2,757,59,1,0,12
18700,82978,2,913,31,1,0,12
10200,110000,2,765,38,1,0,14
12500,45000,2,485,38,1,0,26
22945,44459,3,34,38,1,0,4
9000,116000,2,248,20,0,0,16
19995,70312,2,682,23,1,0,12
130000,14684,2,1053,31,1,0,9
16250,54357,2,120,16,1,0,11
39000,39000,2,745,35,0,0,9
37500,11164,2,494,31,1,0,4
38000,29816,2,1014,20,1,0,16
41000,47400,2,1000,23,0,0,15
54500,38600,0,921,16,1,0,7
33591,19605,2,225,32,1,1,5
45000,68749,0,905,59,1,0,11
11500,47800,2,15,38,0,0,11
15999,116500,2,475,20,1,0,18
49999,61258,2,918,23,1,0,8
16000,179200,2,731,16,0,0,11
4200,102000,7,19,0,1,0,14
40999,29500,2,1035,59,1,0,12
52900,12118,2,883,31,1,0,6
76000,1800,2,954,31,1,0,6
29999,92000,2,764,2,1,0,6
7500,96653,2,403,16,0,0,14
102000,51000,2,1023,59,0,0,11
18000,67500,2,312,16,1,0,15
49995,48000,2,372,38,1,0,6
21500,37500,2,684,20,1,0,17
67000,31500,2,1034,31,1,0,10
107998,16701,2,514,61,1,1,9
13600,225000,2,252,16,1,0,13
18200,59257,2,374,20,1,0,18
7700,177702,2,136,38,0,0,15
19500,69764,2,576,20,1,0,17
53900,10900,2,714,59,1,0,4
76700,8074,2,818,3,1,1,7
25998,16538,2,195,40,1,1,5
29645,30426,2,221,36,2,1,6
99750,23850,0,945,2,1,0,4
7300,94653,2,740,38,0,0,18
12900,124000,2,159,20,0,0,11
10998,99999,2,136,20,1,0,12
24900,95170,2,455,20,1,0,21
28000,34455,2,576,31,1,0,11
20000,87500,2,236,16,1,0,9
52500,27000,2,1035,23,1,0,11
15900,66000,3,189,38,0,0,11
9995,200000,2,774,59,0,0,14
60000,5400,2,764,31,2,1,3
6500,59500,2,285,20,1,0,25
69000,46897,7,1033,38,1,0,5
21000,207571,2,731,16,0,0,9
11500,122000,2,475,59,1,0,18
193063,1148,2,823,40,1,1,3
135800,22480,2,868,38,1,0,5
28000,55000,2,686,38,1,0,10
9500,59700,2,417,16,1,0,19
35500,16100,2,793,53,1,0,23
19500,169000,0,743,16,1,0,20
81900,22400,2,939,38,1,0,5
24000,19850,2,43,16,1,0,7
35000,43000,1,465,16,1,0,13
13900,120800,2,417,23,1,0,18
98000,4200,2,954,38,1,0,3
28251,41515,2,200,36,1,0,8
81500,7960,2,1028,16,1,0,18
36999,35000,2,498,38,1,0,6
54500,45241,2,689,38,1,0,6
68000,41500,3,800,31,1,0,6
17900,48750,2,88,53,1,0,17
8400,73000,2,417,23,1,0,18
21500,204884,2,687,20,0,0,24
17000,42259,2,482,50,0,0,14
21990,96000,2,368,31,1,0,10
63900,2894,2,731,2,1,0,4
39900,41000,2,677,38,1,0,7
37000,60000,2,1010,59,0,0,15
18500,35000,2,740,38,1,0,17
13600,86121,2,417,23,1,0,16
64683,31917,2,944,31,1,0,4
6500,120000,6,1145,8,0,0,31
8500,209500,2,464,10,1,0,21
28000,101000,2,329,20,1,0,23
7850,149000,2,482,38,0,0,13
34250,67100,2,745,59,0,0,8
142998,20622,2,811,40,1,1,6
25000,124000,2,873,31,1,0,11
64995,4200,2,689,59,1,0,12
26500,125000,2,772,59,1,0,10
105000,20561,2,872,27,1,0,9
10000,113000,2,420,16,1,0,14
30500,30300,2,167,23,1,0,7
28500,63000,2,847,23,1,0,12
135000,9500,2,1098,59,1,0,7
31000,28150,2,896,59,1,0,18
21500,164000,2,928,31,1,0,10
18300,76000,2,413,38,1,0,11
105900,4348,2,823,32,1,1,3
29500,38200,2,468,38,1,0,9
14200,103466,2,417,38,0,0,13
11500,141775,2,838,59,1,0,14
54000,3300,2,830,59,1,0,4
22500,106500,6,1145,10,0,0,15
32000,74000,2,928,31,1,0,10
134999,28000,2,906,31,1,0,6
12000,66000,2,92,20,1,0,11
69900,2990,0,843,38,0,0,3
74900,28927,2,815,40,1,1,4
19500,63398,2,368,38,0,0,10
62000,36000,2,944,31,1,0,6
10000,138000,2,781,23,0,0,19
17000,333361,0,367,38,0,0,25
10700,149460,2,253,8,1,0,16
73000,44000,0,945,2,0,0,5
66500,2000,2,637,38,1,0,3
6900,123921,2,588,16,1,0,19
29614,31729,2,6,32,0,0,5
14500,162731,1,653,38,1,0,14
22000,16000,2,586,10,1,0,20
21250,30000,2,76,50,0,0,7
15500,98231,2,886,10,0,0,18
29999,12500,3,177,38,1,0,3
41999,6548,7,1133,40,1,1,3
27500,6025,2,256,20,1,0,6
19500,65000,2,329,59,1,0,10
52590,35048,2,814,11,1,1,5
4200,145000,2,339,38,0,0,19
54000,13500,2,1105,20,0,0,8
46999,45000,2,913,31,0,0,7
31500,24360,7,429,38,1,0,8
33400,11756,2,511,40,0,1,5
12300,11563,2,152,38,0,0,13
20000,95500,2,753,59,1,0,10
55000,95428,2,1096,38,1,0,11
74000,75000,2,1006,59,0,0,15
50999,300,3,330,38,1,0,2
22500,98000,2,638,59,1,0,11
39998,36670,2,514,40,1,1,11
5500,190640,2,54,12,0,0,18
14599,112000,2,604,38,0,0,10
8250,85768,2,21,50,0,0,11
60500,38000,2,924,38,1,0,8
32300,35500,2,932,2,1,0,7
16000,102800,2,786,38,1,0,14
69645,3721,2,200,32,1,0,3
51500,58000,2,1022,38,1,0,9
31900,23600,2,633,38,1,0,6
28900,39250,2,576,38,1,0,9
38900,34920,2,903,16,1,0,13
42950,73101,2,771,38,1,0,8
8999,125575,2,276,31,1,0,14
29900,39000,2,498,38,1,0,6
30999,41314,2,781,59,0,0,15
45000,12300,2,896,16,1,0,15
20000,135000,2,741,38,1,0,10
21000,64000,2,630,20,1,0,25
20000,70000,2,329,38,0,0,12
21000,77750,2,986,23,1,0,18
23500,43690,2,847,38,1,0,12
8950,55900,2,369,59,1,0,16
30000,8949,2,888,53,1,0,16
143900,6523,3,554,37,1,1,8
75500,13970,3,800,38,1,0,5
53998,72903,3,520,56,0,1,5
47798,6682,3,194,40,1,1,3
23500,128000,2,722,16,1,0,18
15999,94448,3,239,38,1,0,12
17999,89700,2,657,16,1,0,13
8500,74582,1,465,16,1,0,14
101998,14724,3,809,40,1,1,5
12433,115282,2,558,17,0,0,11
29950,47144,2,491,20,1,0,10
19977,88977,3,724,23,0,0,11
10499,49620,2,443,38,1,0,16
54598,22372,2,541,40,1,1,4
24500,130000,2,891,23,1,0,11
36995,119500,2,651,20,0,0,24
71995,29140,2,884,53,1,0,6
18500,40110,2,370,38,1,0,24
51900,92000,2,881,38,1,0,7
14500,94291,2,383,38,1,0,18
155000,4126,3,800,38,2,1,3
31953,36757,1,560,32,1,0,7
8000,58000,2,28,16,1,0,16
84645,19513,2,568,32,0,0,5
73000,39000,2,833,23,1,0,13
19000,42000,2,146,38,2,1,6
12000,76309,2,576,38,2,1,13
18999,19877,2,13,41,1,1,4
38700,41000,2,498,31,1,0,6
19500,5100,2,31,38,1,0,4
19500,104000,1,850,38,1,0,16
132900,23600,2,894,27,1,0,11
21000,76000,2,416,20,1,0,11
37050,54800,2,802,38,0,0,8
51598,6046,3,194,40,1,1,3
12000,136000,2,263,59,0,0,12
36995,28000,2,650,20,1,0,10
36500,92000,0,363,2,0,0,8
35899,85500,2,731,38,0,0,8
124999,490,2,859,38,1,0,3
17000,86170,2,604,16,0,0,16
45998,38514,1,787,38,0,0,7
39100,55000,2,854,38,1,0,9
46000,34800,2,356,38,1,0,4
28000,49500,2,161,31,1,0,7
15500,88000,2,596,38,1,0,12
28500,121525,2,838,38,0,0,9
53500,59000,2,884,20,1,0,11
50204,11468,2,980,40,1,0,4
15400,40000,2,485,10,1,0,26
47541,26716,2,1140,40,1,1,4
14000,152000,2,753,16,1,0,15
33000,54000,3,289,50,1,0,7
31500,53500,2,664,2,0,0,8
26500,49924,2,494,31,1,0,8
26600,37045,2,452,59,0,0,8
8500,80000,2,236,20,0,0,24
34000,113000,2,869,31,0,0,18
22800,84000,2,329,35,0,0,11
13250,39800,2,86,59,1,0,18
57619,12425,2,1137,40,1,1,3
15500,230000,1,641,38,1,0,13
11900,67250,2,417,38,1,0,18
32000,124000,2,881,31,0,0,9
11000,110000,2,430,38,1,0,12
6750,120000,2,335,38,1,0,19
63000,6700,2,572,23,1,0,7
33900,49810,2,596,31,0,0,7
57000,88000,2,947,59,0,0,17
43998,20034,2,514,40,1,1,7
63598,30309,3,520,40,1,1,5
16000,101387,2,344,16,0,0,10
100000,38800,2,955,59,1,0,19
9000,153350,2,154,38,0,0,12
104900,20937,2,815,36,1,1,6
5995,103726,2,24,12,0,0,23
41000,64600,2,902,31,1,0,10
62425,49208,2,771,59,1,0,7
24950,60000,2,673,38,0,0,20
15500,160490,6,1145,12,1,0,30
69995,93400,0,945,2,2,1,5
26900,132200,2,837,20,1,0,26
44998,22564,2,540,40,1,1,4
42433,8025,2,559,32,1,0,6
257000,13692,2,1102,31,1,0,5
54500,11249,2,891,23,1,0,11
31900,89150,2,739,38,1,0,11
31985,7624,7,1133,1,1,0,4
16000,74030,2,701,20,1,0,22
53000,1798,2,728,2,1,0,3
37000,50850,2,928,20,1,0,9
29990,79800,2,765,38,1,0,13
15999,48500,2,142,38,1,0,10
14000,135000,2,913,38,0,0,13
21612,74725,2,5,25,1,0,6
4495,90400,2,55,38,1,0,25
6250,107000,2,51,8,0,0,16
36990,10339,2,457,16,1,0,8
27000,123500,2,839,59,0,0,19
81998,3678,3,514,40,1,1,3
8500,199400,2,464,38,0,0,21
6500,53000,2,241,8,1,0,19
19500,119755,3,497,59,1,0,13
41950,18500,2,457,38,1,0,5
22000,9260,2,58,12,1,0,23
35345,21487,2,203,32,1,0,6
74500,2950,2,1105,2,1,0,3
44850,56000,2,1000,38,1,0,17
34900,92728,2,731,16,1,0,9
28590,67015,2,207,3,1,1,6
40655,1930,2,222,17,0,0,3
51798,39102,2,824,40,1,1,5
86900,18494,2,833,27,2,1,13
85000,18421,4,755,16,2,1,7
53000,26600,2,884,38,1,0,11
13250,121250,2,255,16,0,0,16
17000,132600,2,468,10,0,0,12
84995,15882,2,991,31,1,0,4
34000,92800,2,881,2,1,0,8
19000,105500,2,862,20,1,0,14
52998,31365,3,541,60,1,1,5
21998,100900,2,540,40,1,1,11
17900,58000,2,835,31,1,0,13
57352,22169,2,553,3,1,0,4
37500,49799,2,699,38,1,0,10
24500,399000,0,169,10,0,0,10
47500,4820,7,655,0,1,0,4
27500,57939,2,650,31,1,0,10
64288,36555,2,972,40,1,0,4
28196,5121,7,1133,1,1,0,3
11500,46873,2,58,12,1,0,23
75499,73500,2,946,10,1,0,19
57998,45076,2,520,40,1,1,6
14500,89000,2,267,20,1,0,10
35750,56000,2,847,59,1,0,9
26999,39600,2,291,59,1,0,8
27500,171079,0,351,38,1,0,25
28000,50992,2,387,38,0,0,8
44000,26800,2,632,31,1,0,5
33885,65000,2,839,16,0,0,19
36139,25462,2,558,40,1,1,7
17995,87001,3,239,50,1,0,13
7390,192000,2,450,16,0,0,20
17000,82000,2,291,31,1,0,11
18000,144000,2,699,31,0,0,10
36900,16200,2,307,16,1,0,3
17000,92984,2,329,59,0,0,11
17777,87501,1,302,8,0,0,13
27500,67499,2,468,20,1,0,10
15051,70000,2,609,38,0,0,14
16000,82900,2,482,16,0,0,13
54490,13900,2,928,31,1,0,8
9000,131986,2,236,53,0,0,14
7000,91491,2,583,16,1,0,17
37999,19000,2,372,38,1,0,5
14900,27600,2,328,8,1,0,22
239991,16146,2,1111,40,1,1,5
26950,60345,2,840,16,1,0,14
10000,148000,2,255,16,0,0,13
15500,198000,2,424,10,0,0,21
48500,43000,2,1028,38,1,0,17
48999,58700,2,764,2,0,0,6
32750,85000,2,731,38,1,0,10
16800,150000,2,781,23,1,0,18
19000,119850,2,417,38,1,0,10
42599,20598,2,551,32,0,1,5
48990,42000,2,699,59,1,0,7
7500,64309,2,392,38,1,0,25
45000,97000,0,758,38,0,0,7
7600,178000,2,112,38,1,0,16
42500,93400,3,692,38,1,0,7
9650,74000,2,28,20,1,0,16
104900,2415,2,1063,3,1,1,3
59598,34365,2,190,40,1,1,7
29430,22101,2,11,32,0,0,4
229900,15509,2,813,25,1,1,7
35707,62200,3,615,50,1,0,8
25900,61700,7,429,38,1,0,8
15499,119750,2,576,31,1,0,12
35645,18665,2,203,32,1,0,6
25700,69000,2,913,31,1,0,11
46999,12940,2,980,32,0,1,4
12500,49170,2,303,38,1,0,28
94998,7121,2,822,40,1,1,5
21500,78124,2,491,16,1,0,11
33900,74500,2,789,59,1,0,11
9500,106500,2,456,20,1,0,23
21900,24534,2,63,50,1,0,5
10500,184000,2,335,38,0,0,22
9499,60109,1,91,16,1,0,12
44998,30424,3,190,40,1,1,6
33500,86818,0,332,59,1,0,12
16490,163500,1,629,38,1,0,13
51500,12941,2,731,38,0,0,5
92900,1120,2,991,31,1,0,3
30000,106731,2,739,31,0,0,12
26950,99897,2,881,31,1,0,11
46999,13464,2,980,32,1,1,4
7000,170000,2,320,16,1,0,18
51900,7982,2,863,23,2,1,14
43500,6900,2,482,35,1,0,6
54000,48000,2,1044,31,1,0,8
12500,89000,2,706,20,0,0,13
22500,125000,1,995,31,0,0,12
46599,13438,2,980,32,1,1,4
6500,167506,2,54,38,1,0,14
10000,153332,2,769,59,0,0,16
25999,94000,2,863,20,1,0,18
6800,138000,2,270,10,1,0,19
11500,110897,2,476,20,0,0,22
52500,26000,2,1022,31,1,0,11
8000,167000,2,575,20,1,0,22
5800,131800,2,503,8,0,0,21
74500,30022,2,881,38,0,0,5
96850,1150,7,1128,38,1,0,3
23900,71273,2,384,50,1,0,7
85495,14360,3,763,31,1,0,3
8750,158564,2,676,38,1,0,17
69250,19650,2,831,20,1,0,9
210000,22000,2,1048,59,1,0,9
24000,40200,2,802,38,0,0,9
14000,131200,3,44,38,1,0,12
50500,10200,2,764,38,1,0,4
53000,14100,2,372,35,1,0,4
19000,91000,2,416,20,0,0,11
26500,98600,2,650,31,1,0,9
20800,92700,2,626,16,0,0,13
27633,83858,2,731,16,0,0,10
14900,87500,2,640,38,0,0,16
45999,45468,7,929,0,1,0,6
36000,98000,2,423,38,0,0,10
29950,119000,2,777,16,1,0,10
44000,36000,1,787,38,1,0,6
18000,51000,2,799,59,0,0,20
92500,11860,7,1109,38,1,0,4
16500,113294,2,344,16,0,0,9
89900,22270,2,965,32,1,1,5
45950,37000,2,1035,59,1,0,11
43860,56654,2,1062,40,1,0,7
35000,1075,2,310,20,1,0,3
32900,82000,2,593,38,1,0,9
92500,7800,7,1128,0,1,0,4
15900,79893,2,684,23,1,0,17
53950,9950,2,752,31,1,0,5
45000,40000,2,468,59,1,0,6
28000,71750,2,498,31,1,0,10
166900,8755,2,1040,38,1,0,10
38998,14745,2,196,40,1,1,5
54500,37248,3,800,31,1,0,6
46500,67483,2,860,16,0,0,9
47598,4648,3,194,40,1,1,3
31000,63300,2,699,31,1,0,10
49900,51338,2,731,16,1,0,7
19780,74864,2,479,38,1,0,11
28600,62743,2,836,59,1,0,16
68000,31090,2,1081,31,0,0,8
38500,17000,2,468,38,1,0,8
10900,95000,2,588,38,1,0,18
25000,82000,2,315,38,1,0,27
36500,58000,1,742,38,1,0,7
31621,15198,2,6,32,1,0,5
9100,180036,2,253,38,0,0,17
39000,2000,2,452,31,1,0,5
10900,72000,2,47,38,0,0,16
7500,185000,2,387,38,0,0,15
108900,6785,7,1133,7,1,1,5
18500,85000,6,1145,38,0,0,10
11995,75539,2,249,12,1,0,28
22000,26190,2,598,38,1,0,23
34700,38900,2,620,31,1,0,7
9495,110000,2,368,20,1,0,12
17000,60000,2,713,59,1,0,11
36998,459,2,225,32,1,1,3
44998,23568,2,190,40,1,1,4
52000,25000,2,751,23,1,0,8
17000,59000,2,62,38,1,0,7
47998,9411,7,1132,40,1,1,4
40100,124000,1,787,16,1,0,7
59900,17900,2,1035,59,1,0,11
54500,31500,2,942,31,1,0,5
209900,16876,2,815,32,1,1,7
29000,30565,3,180,38,1,0,4
64000,19300,2,884,20,1,0,8
19800,120000,2,263,59,1,0,10
29999,129999,2,863,20,1,0,15
15000,82500,2,59,50,1,0,12
69995,20100,7,16,38,1,0,5
20000,71669,2,329,38,1,0,8
10000,122348,2,383,38,0,0,17
19599,15577,2,13,41,1,1,4
99750,10400,2,750,38,1,0,7
51999,39000,2,917,2,1,0,7
23000,70500,2,291,59,1,0,8
30000,67550,0,671,10,1,0,23
7100,107000,2,362,38,1,0,21
15900,136731,2,253,38,1,0,18
34645,67039,2,551,32,1,1,5
9995,69300,2,299,20,0,0,24
128995,456,2,1016,59,1,0,2
59999,10065,7,1133,1,1,1,8
58000,37000,7,1001,0,1,0,7
41999,17850,7,415,38,1,0,5
20995,122961,2,1058,9,1,0,21
17599,33362,2,134,20,0,0,22
63500,9500,2,831,2,0,0,3
45861,19376,2,980,40,1,0,4
12900,62310,2,133,10,1,0,19
30989,68455,2,558,36,1,0,8
8500,137000,2,879,59,0,0,15
29000,110000,0,169,38,1,0,11
31650,87555,2,558,36,0,0,6
20199,36568,2,102,20,0,0,14
84620,3752,2,1068,32,1,0,3
27500,63500,2,878,59,1,0,9
7500,120000,2,479,16,1,0,15
17816,99941,2,558,17,1,0,7
15300,106983,6,1145,8,1,0,33
21900,50000,2,875,59,0,0,19
12500,92008,2,576,16,1,0,17
20000,69000,2,640,10,1,0,16
38200,27123,7,887,38,1,0,7
39990,16000,7,734,38,0,0,7
16750,68200,2,582,16,0,0,10
21900,115000,6,1145,38,1,0,33
36500,5020,2,449,38,1,0,4
45900,500,7,887,38,1,0,4
90000,12500,2,991,31,0,0,5
23995,69641,3,264,50,0,0,8
8500,145000,2,467,38,0,0,9
13999,162000,2,129,50,1,0,11
53000,22000,1,787,16,0,0,9
61000,52000,2,731,2,1,0,5
9200,315000,0,671,38,1,0,22
9500,48054,2,294,38,1,0,27
15900,190321,0,720,38,1,0,18
226000,17941,2,1065,25,1,0,14
15900,93500,2,746,38,0,0,13
8000,70000,2,130,38,0,0,24
39750,49105,2,881,31,1,0,9
35900,132269,1,787,38,1,0,9
15000,104733,1,653,16,1,0,17
13310,80354,3,44,38,0,0,12
95000,5700,7,1128,0,1,0,3
43000,39000,7,929,0,1,0,6
39998,17570,2,214,40,1,1,5
43775,84224,2,972,17,1,0,8
11200,125559,2,604,38,0,0,12
37400,38352,2,200,32,1,1,5
14900,82000,2,458,59,1,0,21
72500,24670,2,954,59,1,0,5
95500,159,7,1008,38,1,0,3
26000,37500,2,686,23,1,0,13
54543,7523,2,227,32,1,1,4
23900,51500,2,669,38,1,0,13
78000,73000,2,1039,23,0,0,9
38000,117000,1,705,16,1,0,9
76500,5338,4,790,31,1,0,3
4999,96000,2,388,38,0,0,21
4900,204000,1,628,8,0,0,16
16000,93000,2,76,50,0,0,8
11250,85000,2,492,31,0,0,12
38000,46000,2,832,59,1,0,10
28998,76422,2,196,40,1,1,7
19900,49000,2,682,23,1,0,14
26500,111850,2,468,38,0,0,13
129900,3400,2,864,20,1,0,6
68000,29700,3,800,31,2,1,6
40999,59459,0,842,16,0,0,12
86900,1300,7,1095,38,2,1,3
19980,100312,2,11,32,1,1,5
14250,116157,2,272,8,1,0,23
97952,15689,0,524,3,1,1,5
35850,61494,3,561,41,1,1,4
12500,154247,2,410,38,0,0,12
64500,49899,2,998,59,0,0,6
46500,1400,2,423,38,1,0,3
76400,43238,2,983,59,1,0,5
179000,202,2,1108,59,1,0,3
20500,100680,2,381,38,1,0,9
27500,97000,2,242,38,1,0,26
31853,53607,2,551,32,0,1,8
19000,148000,0,366,8,1,0,22
44990,10101,4,395,16,1,0,4
65998,31157,2,821,40,1,1,7
41500,6400,2,338,38,1,0,4
19900,135350,2,456,16,0,0,10
73897,27608,2,1143,40,1,1,5
42500,31250,2,664,38,1,0,6
40995,76249,2,980,32,0,1,7
4000,256000,2,827,38,1,0,20
6500,153000,2,361,53,0,0,21
115999,2220,3,800,31,1,0,4
32900,48000,2,616,59,1,0,11
30000,41000,2,913,31,1,0,11
47500,20172,2,468,59,1,0,9
35500,88000,7,887,0,1,0,6
185500,34152,2,1085,23,1,0,11
8500,134000,2,411,38,0,0,20
54000,49273,2,881,38,1,0,8
51500,7580,2,931,59,1,0,7
217000,21000,2,1097,38,2,1,10
22389,61874,2,221,17,1,0,5
14599,84129,2,210,17,1,1,9
9000,104994,3,189,16,1,0,13
30000,43500,2,359,59,1,0,7
33500,22985,2,107,38,1,0,4
14945,109000,3,44,38,0,0,14
31000,83000,2,863,23,0,0,14
17390,79950,2,170,38,1,0,9
68900,31866,2,1056,44,1,1,7
23999,28600,3,52,38,1,0,5
51899,43433,2,972,40,1,1,7
109900,816,2,823,32,1,1,3
15499,152000,2,482,16,1,0,9
83900,3053,2,954,59,1,0,5
40368,48156,2,814,11,1,1,7
62500,13300,2,915,38,1,0,11
18500,240000,0,697,16,1,0,15
48000,34365,2,860,31,0,0,5
9000,165520,2,422,38,0,0,18
49895,9100,2,468,31,1,0,6
27998,54323,2,556,40,1,1,7
64000,24500,2,468,31,1,0,4
20784,44300,2,170,20,1,0,9
13000,111000,2,86,38,1,0,10
48500,14642,7,887,38,1,0,5
10500,251634,2,886,38,1,0,18
65000,65000,2,777,38,0,0,9
49900,47000,7,1001,38,1,0,8
136900,2100,2,864,20,2,1,5
40598,10071,3,194,40,1,1,4
6000,114323,2,129,16,1,0,15
44900,49098,2,919,59,0,0,12
26500,42400,0,332,31,1,0,12
11000,162482,2,175,20,1,0,21
89900,17945,2,965,32,1,1,5
9975,100472,2,313,16,1,0,16
59000,33000,0,921,16,1,0,7
26000,13935,2,125,50,1,0,6
9000,92800,2,274,8,1,0,29
13900,122945,2,151,12,1,0,26
15000,52060,2,713,20,0,0,12
16975,117697,2,580,31,0,0,12
15000,119500,2,159,59,1,0,10
38322,24596,2,558,32,1,1,5
64800,81000,2,998,38,1,0,6
44870,51984,3,692,31,1,0,7
31000,85000,2,753,16,1,0,11
14995,103814,2,235,16,0,0,10
69500,39300,2,782,59,1,0,8
32000,162000,0,905,59,1,0,11
94900,35322,2,817,21,1,1,15
9950,115359,2,165,38,1,0,14
40000,62000,2,936,59,1,0,10
5199,170000,2,36,38,1,0,18
30000,48000,2,699,38,0,0,9
78000,42596,2,900,59,1,0,9
46000,7000,3,469,31,1,0,3
23000,35340,2,126,38,1,0,7
32471,82000,2,456,2,1,0,7
28991,24781,2,221,17,2,1,5
10500,122141,2,740,20,1,0,20
27900,40000,2,372,38,1,0,7
70000,4279,2,1022,31,2,1,13
41950,7751,2,757,31,1,0,5
16000,183000,2,777,16,1,0,15
21000,61000,2,248,38,0,0,10
16995,53452,2,63,38,0,0,6
11000,198000,2,70,59,0,0,13
55460,49131,2,553,3,2,1,7
5500,120000,2,54,8,0,0,28
30950,70773,2,686,38,1,0,8
34000,70968,2,802,31,1,0,5
26500,117000,2,753,38,1,0,10
18900,86281,2,479,16,1,0,12
15600,110000,2,838,59,1,0,14
27900,7300,2,167,23,1,0,7
5000,300000,0,591,10,0,0,24
44900,14993,2,931,31,1,0,8
19000,84450,2,596,23,1,0,12
6000,127500,2,617,20,0,0,16
28900,30930,2,200,25,1,1,6
49999,46200,2,668,20,1,0,21
114900,15107,2,965,32,1,1,4
9800,800,2,39,59,1,0,13
15500,67000,2,398,10,1,0,13
134900,19800,2,770,31,1,0,3
26800,128000,2,468,10,1,0,9
27900,27532,2,368,23,1,0,8
29500,86000,2,646,38,1,0,11
27500,62600,2,616,59,1,0,11
14900,36524,2,328,8,1,0,22
16770,127131,2,307,38,0,0,10
38999,42125,2,324,59,1,0,8
52000,15833,3,618,50,1,0,4
35500,40800,2,406,23,1,0,13
40599,15583,3,12,17,1,1,4
72777,86101,2,1051,38,0,0,9
36500,67800,2,838,23,0,0,5
5500,187883,2,248,38,1,0,15
24000,91877,2,686,38,0,0,13
38000,40208,2,953,31,0,0,6
22966,35902,2,222,17,1,1,6
35998,75897,2,190,40,1,1,7
29000,51000,2,498,50,0,0,7
69500,52673,0,914,16,1,0,6
20995,41550,4,355,59,1,0,9
18000,98400,2,686,23,1,0,14
36500,69000,2,1025,59,1,0,10
37900,69600,2,1026,38,1,0,22
15599,96473,2,204,41,1,1,10
34950,72277,2,863,59,1,0,15
35995,72166,2,1028,38,0,0,19
53000,96343,0,914,16,0,0,9
12250,72000,2,249,12,1,0,27
7500,162000,2,399,16,0,0,17
26990,16975,7,108,38,1,0,7
21900,74850,2,576,38,0,0,10
22000,183544,2,731,16,0,0,10
8000,95426,2,87,38,1,0,15
16750,90000,2,267,16,1,0,10
36500,55400,2,490,31,2,1,6
76900,19050,2,782,31,1,0,7
46998,35580,2,514,40,1,1,6
21500,30700,2,282,20,0,0,10
31000,61454,2,498,38,1,0,8
25900,110000,2,580,38,0,0,10
12000,33700,1,91,38,0,0,8
18950,68653,2,479,16,0,0,11
30775,104700,2,1143,40,0,1,8
48950,11000,2,574,38,0,0,4
37999,67000,1,776,16,1,0,9
15500,88900,3,724,23,1,0,11
59950,21240,2,908,31,0,0,7
15000,127273,2,687,20,1,0,23
93000,8044,2,881,59,1,0,5
14798,136397,2,208,52,1,1,10
23500,44000,2,76,12,1,0,9
30890,35469,2,207,17,2,1,7
269991,1795,2,962,40,1,1,4
36800,45800,2,1035,23,2,1,10
9900,156875,2,725,20,0,0,15
47900,29586,2,797,38,1,0,18
63500,61500,2,777,31,1,0,10
90788,568,2,1121,23,1,0,5
43389,22109,2,559,40,2,1,4
43000,13828,3,615,50,1,0,7
48000,23350,3,692,59,1,0,7
43430,24207,2,231,3,1,0,5
25000,53000,1,481,16,0,0,9
17000,46150,2,614,59,0,0,13
25000,34000,6,1145,38,0,0,8
7495,98313,2,112,8,1,0,18
12400,35134,2,786,38,0,0,15
8500,135000,2,387,38,1,0,12
8250,158366,3,177,38,0,0,14
32000,99100,2,1020,31,1,0,12
18000,89106,2,498,59,1,0,9
13999,82046,2,596,23,1,0,14
8999,91545,2,129,50,1,0,14
65499,10800,2,988,20,1,0,23
30000,67650,2,764,38,1,0,8
32000,10000,2,81,35,1,0,3
44000,87768,3,803,38,1,0,7
56900,44691,2,1062,3,0,1,5
38298,19361,2,540,40,1,1,4
29999,48000,2,752,31,1,0,7
29999,133598,2,972,17,0,0,9
26999,72150,2,579,50,0,0,7
28000,61491,2,426,12,0,0,23
27698,90605,2,540,40,1,1,7
20500,76163,0,671,10,1,0,22
47350,8332,2,841,8,1,0,21
45000,17500,7,929,38,1,0,5
57999,33548,2,936,35,1,0,6
75000,13650,2,992,35,1,0,5
24999,92040,2,200,32,1,0,7
49000,1850,4,412,50,1,0,5
69998,19069,2,515,40,1,1,7
11500,100000,2,774,38,0,0,18
25382,45303,2,221,17,1,1,5
12500,94000,2,341,20,1,0,18
29995,91188,2,918,23,1,0,10
49273,36821,2,553,40,2,1,5
9995,98527,2,454,31,2,1,11
99000,39800,2,1039,23,1,0,9
24325,63450,2,291,20,1,0,8
51999,30918,2,764,2,1,0,5
48815,10458,2,980,32,1,0,6
27000,73690,2,802,31,0,0,9
149000,1500,2,770,38,1,0,3
17950,129000,2,754,38,1,0,19
87500,195,2,624,2,1,0,3
60000,72500,2,745,38,1,0,8
30000,98000,1,730,58,0,0,10
7500,185000,2,140,31,0,0,10
27500,42200,2,372,31,1,0,7
14000,140500,2,802,31,0,0,11
32850,1889,4,296,50,1,0,4
22000,71280,2,686,38,1,0,10
30089,47000,2,745,23,1,0,11
35500,32199,2,423,38,1,0,8
29895,7089,7,281,0,0,0,3
48998,3959,2,192,40,1,1,3
107900,4457,2,815,40,1,1,3
45950,24651,2,551,17,1,1,6
18795,50000,2,49,16,1,0,7
104999,7968,3,958,35,1,0,4
6950,83853,2,117,20,0,0,17
92000,9000,2,954,31,1,0,3
12500,68000,2,129,38,1,0,10
29800,26895,2,225,32,2,1,4
39950,97700,0,905,16,1,0,11
59995,17500,2,778,38,1,0,5
29999,33000,2,309,59,1,0,4
13999,56450,7,65,38,0,0,8
99000,10627,2,233,47,1,1,4
7500,134602,2,365,59,1,0,17
113990,22039,2,1015,31,1,0,7
35998,20927,2,190,40,1,1,6
25500,55018,2,109,35,0,0,6
43000,31000,2,498,59,1,0,4
47000,63160,2,934,38,0,0,8
42700,51105,3,202,32,1,0,5
18999,83000,0,69,16,0,0,11
52000,4700,2,728,2,1,0,3
18900,33576,2,102,20,1,0,14
22000,71000,2,468,10,1,0,12
16999,64290,2,200,17,1,1,10
18000,95000,2,359,31,1,0,8
29000,24280,2,309,16,0,0,9
29255,18385,2,221,17,1,0,5
27000,36812,2,329,59,1,0,12
8995,120000,2,417,23,1,0,18
5700,202000,2,375,38,0,0,18
11498,102242,2,508,54,0,1,11
30798,10426,2,196,40,1,1,6
21000,59000,2,604,16,1,0,7
13599,91500,2,576,16,0,0,15
30499,43000,7,429,0,0,0,8
38000,4048,2,839,20,1,0,19
4900,67303,2,122,38,1,0,18
13000,112600,2,387,50,0,0,12
13000,91545,2,576,16,1,0,16
147500,28470,2,1012,59,0,0,8
27999,13666,2,225,32,1,1,4
5900,64500,2,144,38,1,0,22
13500,122000,2,757,10,0,0,14
58000,27965,2,1035,23,1,0,9
6450,192100,2,261,10,0,0,24
21999,35569,2,2,41,1,1,6
48295,51300,2,548,3,1,0,7
64990,1800,2,1114,38,1,0,11
16500,131000,2,937,10,1,0,21
28000,134500,2,731,38,1,0,11
89000,208,7,1042,38,1,0,3
8500,110000,2,67,38,0,0,22
24500,102000,2,731,16,0,0,11
42000,40000,4,828,59,1,0,8
6800,88750,2,378,38,1,0,27
43499,2046,2,368,31,1,0,3
24950,76009,2,576,31,1,0,10
16900,155000,1,850,16,0,0,17
31500,9400,4,138,38,1,0,3
32000,36000,2,491,23,0,0,8
45999,34150,2,771,31,1,0,9
27654,30900,2,221,36,1,0,6
199995,1750,2,1050,35,1,0,6
14950,193827,2,327,38,1,0,19
8900,65000,2,267,38,2,1,16
16998,109646,2,565,9,1,1,15
12000,79500,2,139,38,1,0,22
47124,20121,2,632,31,1,0,3
29510,23677,2,550,41,1,1,5
32500,172600,0,805,38,0,0,10
14000,189719,0,531,10,0,0,19
18900,99000,2,507,20,1,0,21
65998,50361,2,979,40,1,1,10
31450,72500,2,890,23,1,0,13
65000,17500,2,998,31,1,0,7
17900,78500,2,596,23,0,0,12
99000,4900,7,1011,0,1,0,4
32450,74595,2,957,31,0,0,12
12500,43903,2,238,38,0,0,13
4200,146000,2,240,8,0,0,23
4000,111228,2,184,38,0,0,20
12990,218000,2,683,8,1,0,20
68362,9099,2,980,32,1,0,4
30000,72000,2,723,38,0,0,8
36740,53000,2,390,38,1,0,13
24000,100000,2,329,59,1,0,10
18200,90000,2,417,16,1,0,11
52000,67726,2,881,2,1,0,8
79990,72843,2,1062,3,1,0,5
27671,14065,2,204,41,0,0,6
27785,27352,2,7,36,1,1,4
23995,50648,2,0,41,1,1,5
34700,65900,2,593,59,0,0,8
20500,48000,2,452,38,1,0,9
17800,87009,2,669,38,1,0,11
99999,38686,2,951,59,1,0,21
50927,32000,3,803,31,1,0,5
32000,87600,2,639,59,0,0,23
40500,65019,2,699,38,1,0,7
55000,33000,7,929,0,1,0,5
17900,179000,2,327,38,0,0,19
84999,36000,2,833,23,1,0,11
23000,80500,2,456,16,1,0,10
26500,84220,2,782,16,0,0,13
25695,17500,2,142,35,1,0,6
44950,65800,2,884,59,1,0,11
42599,13275,2,559,32,1,1,4
39500,7666,2,702,8,1,0,28
45000,13232,7,711,0,1,0,3
22888,46452,2,236,20,1,0,13
5995,170000,1,499,35,0,0,11
19290,55234,2,3,32,1,1,7
69999,19200,2,731,2,1,0,6
10000,59700,2,236,16,1,0,19
16499,75124,1,628,38,1,0,19
10400,187450,2,439,38,0,0,15
18000,119000,2,107,38,1,0,6
27995,99500,2,731,31,1,0,10
115998,2076,7,1133,40,1,1,6
61500,48613,2,881,38,0,0,6
18688,87842,2,200,17,1,0,9
6950,83150,2,342,16,1,0,19
67995,40350,2,681,23,1,0,10
19000,79500,2,329,35,1,0,10
7850,108000,2,93,10,1,0,21
29500,231500,6,1145,38,1,0,33
47500,27981,2,468,38,1,0,6
30000,77300,2,616,16,1,0,9
55000,3959,2,791,2,1,0,4
22500,96238,2,874,59,0,0,12
9000,170000,1,653,38,0,0,16
44850,64300,1,1021,59,1,0,11
6900,152270,2,610,38,0,0,21
19780,158000,2,772,59,1,0,10
7500,130000,2,387,10,1,0,22
35000,40989,2,650,31,1,0,8
39900,51400,1,776,16,2,1,10
9000,175000,2,365,10,1,0,15
29995,99769,2,875,20,1,0,19
32000,42094,7,1134,38,1,0,7
80900,11089,2,1062,34,1,1,4
47645,49860,2,978,40,0,0,4
47999,633,2,636,20,1,0,3
4800,142000,2,160,12,0,0,23
9500,123500,3,64,38,0,0,16
65994,4200,2,637,2,1,0,4
11500,73000,2,270,10,0,0,18
31000,37000,2,356,38,1,0,9
41598,11875,2,196,40,1,1,4
39500,13000,2,468,31,1,0,6
39000,105667,2,731,16,1,0,7
11995,68325,1,141,59,1,0,13
18900,161894,2,838,23,1,0,12
30427,36844,2,209,41,0,1,6
9950,130307,2,476,10,1,0,21
15363,46628,2,210,17,1,1,12
54000,13856,7,949,0,1,0,4
27500,92000,2,390,38,1,0,12
5500,134207,2,83,38,0,0,13
23400,100868,3,239,50,0,0,8
75000,2200,3,663,59,1,0,3
44800,40929,2,972,40,0,0,6
35500,244000,0,905,16,1,0,9
8900,190656,2,434,38,0,0,20
10000,186000,2,596,38,0,0,12
48190,34121,2,980,40,1,1,4
12599,112180,3,205,41,1,1,12
34500,52253,2,309,59,1,0,7
8500,154000,3,259,38,0,0,14
34084,61341,2,551,32,0,1,6
18700,67350,2,596,23,0,0,12
95000,17000,2,1086,35,1,0,7
62000,30000,3,692,31,1,0,5
36800,20623,2,679,38,1,0,7
71900,470,7,1042,0,1,0,4
69900,36500,0,945,2,1,0,6
15900,69000,2,576,38,0,0,14
47500,7458,2,928,20,1,0,4
69950,34000,7,1009,38,1,0,6
4000,133255,2,365,38,1,0,20
40798,18099,3,194,40,1,1,4
54000,16500,2,436,38,1,0,3
19000,30000,2,110,59,0,0,10
42998,2425,3,194,40,1,1,3
5500,131000,2,151,12,0,0,29
77900,32957,2,553,3,1,1,5
72000,36500,2,1022,59,1,0,6
35000,26900,2,329,53,1,0,26
96900,6483,2,234,25,1,1,3
50000,27100,3,692,38,1,0,6
17000,102000,2,338,23,1,0,11
82950,19200,2,1121,59,1,0,5
20999,32260,2,248,38,1,0,8
24000,92000,2,913,59,0,0,12
12999,87500,2,588,38,0,0,20
49999,52694,2,783,59,1,0,8
25000,55000,2,699,38,1,0,9
33172,88883,2,231,3,1,0,5
19800,74000,2,435,38,1,0,9
81000,15000,2,806,46,1,1,3
79950,20200,1,1027,16,1,0,15
23000,33500,2,682,23,1,0,12
111000,16113,0,169,38,1,0,4
52991,3880,2,215,32,1,0,2
69500,16500,7,678,38,1,0,4
50000,7000,2,928,20,1,0,4
62000,44300,2,325,53,1,0,18
46850,18160,2,230,32,1,1,5
9500,134000,2,495,16,0,0,22
69000,13000,3,690,59,1,0,4
75000,124630,0,169,10,1,0,9
6500,120010,2,96,8,0,0,16
75000,54000,2,681,23,1,0,14
50998,9822,2,566,32,1,1,3
10300,63900,2,73,38,1,0,28
10500,98385,2,101,50,0,0,11
21800,90347,2,576,31,1,0,12
13000,169000,1,481,38,1,0,9
55329,29830,2,553,3,1,1,5
66000,41500,2,1105,27,1,0,10
6250,167300,2,173,10,1,0,17
42900,88450,2,881,2,0,0,7
47500,53000,2,996,59,1,0,9
46199,26300,2,777,16,0,0,6
36949,38383,2,996,16,1,0,14
11495,115000,2,136,20,1,0,12
156900,1023,2,992,31,1,0,4
72999,49899,2,1010,38,1,0,12
21000,181830,2,468,20,1,0,13
55000,120000,2,881,2,1,0,6
12980,90742,2,182,38,1,0,14
8900,117220,3,259,38,1,0,14
35690,45163,2,207,3,1,0,7
18500,108130,2,131,59,1,0,10
71000,28898,2,1004,38,1,0,5
37998,21240,2,190,40,1,1,6
21750,65750,2,455,38,1,0,21
15000,169500,1,653,38,1,0,12
38598,3389,2,192,40,1,1,3
12500,91000,1,91,16,1,0,9
15000,123000,2,839,20,1,0,20
23500,84786,2,468,10,1,0,9
37000,26000,2,715,20,1,0,9
53998,35248,2,521,40,1,1,7
9950,194000,1,653,16,1,0,15
45899,8288,2,752,31,1,0,5
62999,15200,2,505,38,1,0,3
49999,24300,3,780,31,1,0,5
42000,95450,2,687,20,0,0,20
88950,5409,2,529,32,1,0,3
16800,79341,2,913,38,1,0,13
40000,49000,2,500,38,1,0,6
37700,45815,2,490,59,1,0,6
19500,229000,0,145,38,0,0,29
28000,33400,2,359,38,1,0,5
46750,38957,7,1134,0,1,0,9
13500,155382,2,236,38,0,0,11
11990,87888,2,583,16,1,0,18
25500,98000,2,764,2,0,0,8
35273,24040,2,200,32,1,0,6
4500,145565,2,365,38,0,0,20
25500,37622,2,719,38,1,0,22
12000,91700,2,82,38,1,0,11
45000,83424,7,1001,0,1,0,8
79999,6900,7,768,6,1,0,5
16600,106000,2,422,10,0,0,15
9200,103111,3,189,38,0,0,13
42850,4785,2,200,40,1,0,3
8200,16200,2,124,38,1,0,19
65900,56985,2,833,23,1,0,13
17995,80211,2,576,38,0,0,12
92000,2800,7,1128,0,1,0,3
65000,4000,0,275,35,1,0,3
36500,101800,2,996,38,1,0,9
26288,62377,2,220,17,1,0,5
26500,69431,2,688,16,1,0,9
19975,116600,2,402,10,1,0,19
78000,15615,3,889,35,1,0,5
14000,198000,2,422,38,1,0,11
51500,2300,2,928,20,1,0,3
84997,325,3,899,2,1,0,3
53900,1240,2,1068,32,1,1,4
42598,12771,2,196,40,1,1,5
40950,27214,2,576,59,0,0,8
46598,30177,2,544,5,1,1,4
130000,13500,2,946,20,1,0,17
59200,66250,2,1088,31,0,0,9
10700,114000,2,709,10,0,0,23
37000,26000,2,372,59,1,0,5
26299,56946,2,200,32,1,0,5
28500,39960,2,767,31,0,0,5
44646,10232,2,559,40,1,0,4
229000,4760,2,815,36,1,0,4
48000,12000,2,714,38,1,0,7
12000,75000,2,617,59,0,0,15
112500,16741,2,770,38,1,0,6
7200,130000,1,502,38,1,0,21
10340,98700,2,484,59,1,0,16
29000,86000,2,1013,31,0,0,11
34995,23827,2,356,23,1,0,7
28450,68871,2,376,16,1,0,9
10990,138000,2,128,23,1,0,10
33000,11700,2,150,38,1,0,4
18500,101453,2,699,38,0,0,9
33500,57918,2,699,59,1,0,9
21400,72000,2,892,31,1,0,10
23999,36824,2,126,16,1,0,8
4100,104500,2,28,16,0,0,18
26816,91677,2,559,32,1,1,8
12000,105000,2,648,16,0,0,13
40000,46000,2,771,38,1,0,8
17999,25000,2,693,31,1,0,10
59203,23842,2,553,3,1,0,5
21995,39750,3,44,38,1,0,10
61998,10601,3,519,40,1,1,3
30000,80000,2,468,38,1,0,14
26599,56536,2,200,32,1,1,6
38436,47907,2,558,36,1,0,5
112500,40000,2,1098,35,1,0,6
28500,35200,2,324,31,1,0,6
39127,36311,2,558,32,1,0,5
6000,116320,2,285,10,0,0,21
11999,95200,2,33,12,1,0,26
11999,174000,2,694,23,0,0,14
18400,144000,2,592,16,1,0,10
46105,21165,2,980,32,1,1,6
46479,1219,2,200,40,1,1,3
18000,89500,2,623,59,1,0,12
31380,108044,2,981,17,1,0,11
69999,17000,2,637,2,1,0,4
84000,7500,7,1109,38,1,0,4
5900,107000,2,271,38,1,0,16
34599,654,2,200,33,1,0,3
56000,34580,2,691,38,1,0,6
56900,9000,3,780,31,1,0,4
32500,25470,2,319,59,1,0,7
6000,102681,2,86,53,1,0,16
37998,23647,2,200,32,1,0,6
68500,8800,2,791,38,1,0,3
11000,81400,2,100,20,0,0,19
42499,59338,2,691,59,1,0,7
41688,27839,2,1068,17,1,0,8
42995,65212,2,972,40,1,0,7
215000,23567,2,868,59,0,0,9
9000,140000,2,253,38,0,0,18
7200,201000,2,340,38,0,0,19
70000,5500,2,831,2,1,0,3
91500,41856,2,1054,59,1,0,6
52598,22588,3,519,40,1,1,4
35500,14220,2,372,35,1,0,6
5500,148377,2,49,16,2,1,14
18800,138700,1,776,38,0,0,13
30000,15500,2,416,31,1,0,6
30000,85325,2,468,10,1,0,10
12700,44000,1,499,38,0,0,11
36999,29336,2,200,32,1,1,5
44900,49000,2,731,38,1,0,6
41999,67280,2,915,23,1,0,10
215000,8870,2,570,26,1,0,7
7200,162750,2,654,58,0,0,18
33598,44261,2,520,40,1,1,8
42850,20655,2,559,32,2,1,6
37000,500,2,731,16,0,0,11
31000,47500,2,494,38,1,0,6
10500,63500,2,148,20,1,0,15
64000,7200,2,884,23,1,0,8
21500,71000,2,410,38,1,0,10
22000,107000,1,785,16,0,0,10
37499,35000,3,397,23,1,0,5
51750,61600,2,708,23,1,0,16
12500,95000,2,103,20,1,0,20
110000,2235,3,889,59,1,0,4
48698,5682,3,194,40,1,1,3
78500,30000,2,833,23,1,0,12
10500,120321,2,769,59,1,0,16
71200,9200,3,690,31,0,0,5
42500,5800,7,711,0,1,0,4
19998,61549,2,557,40,0,1,10
6700,186040,2,92,38,0,0,21
19500,87092,2,381,38,0,0,10
13000,81000,2,596,38,0,0,13
27800,46250,2,197,32,0,0,6
21990,33300,2,676,38,1,0,13
27599,2905,2,225,32,1,1,5
6600,105000,1,581,38,0,0,13
127899,47850,2,868,38,0,0,7
32999,76850,2,891,23,0,0,12
50000,128000,0,905,16,1,0,9
21999,48000,2,630,38,1,0,24
49999,24881,2,406,59,0,0,10
17995,90189,2,338,38,0,0,10
31995,36602,3,10,18,1,0,4
37000,60000,2,642,31,1,0,7
52500,72200,0,758,16,1,0,11
38500,12700,2,384,50,1,0,4
32000,81000,1,470,38,1,0,8
15000,74600,2,835,38,1,0,17
7900,151896,2,314,38,1,0,22
184606,22770,2,1116,31,1,0,7
47500,11200,7,929,0,1,0,5
86999,846,4,735,38,1,0,11
19000,76000,2,852,38,1,0,12
6500,162000,2,400,20,0,0,18
10000,87000,2,49,38,0,0,13
12999,122971,2,3,17,0,0,10
11000,96800,2,276,38,0,0,13
56750,98650,0,721,16,1,0,8
27900,48700,2,338,35,1,0,8
31000,82975,2,593,38,1,0,9
38000,7250,2,838,35,1,0,5
4400,115000,3,118,38,1,0,17
46900,34068,2,745,35,1,0,7
39798,36267,2,196,40,1,1,5
83598,5595,3,520,40,1,1,5
115785,31875,2,1082,31,1,0,8
22749,39913,2,210,17,1,1,6
9950,138000,2,160,10,1,0,21
30000,77945,2,625,38,0,0,10
20000,102750,2,380,20,1,0,13
84500,15443,7,1109,0,1,0,4
27890,81000,2,650,20,1,0,11
13000,166000,1,483,38,0,0,14
63900,14353,2,766,38,1,0,6
50000,23500,2,917,2,0,0,8
39998,30630,2,555,40,1,1,5
20000,87130,2,646,38,1,0,17
15000,122000,2,245,23,1,0,14
234000,13800,2,1047,31,1,0,4
5750,178000,2,160,10,1,0,22
107900,12758,2,770,31,1,0,6
81500,2043,2,845,2,1,0,2
9995,157530,2,218,41,0,0,12
38000,65441,2,664,38,1,0,8
50000,24650,2,913,38,1,0,9
34000,16400,3,177,50,1,0,4
49000,54293,2,1044,31,0,0,8
38000,37700,6,1145,31,0,0,10
17200,125450,2,650,20,1,0,12
40995,7102,2,200,32,1,0,3
16995,187141,2,795,38,1,0,9
22999,42750,2,263,59,0,0,10
35000,82300,2,368,23,1,0,8
34918,107714,2,980,32,1,0,7
51000,45617,2,881,38,1,0,8
18300,28724,2,185,20,0,0,7
15500,145000,2,287,38,1,0,22
17500,53100,2,90,16,1,0,8
34500,62000,2,928,59,1,0,9
10000,97500,2,709,20,1,0,26
39979,64957,2,529,3,1,0,5
37998,24364,2,214,40,1,1,5
74900,19000,3,800,59,2,1,6
32000,32500,2,260,38,1,0,6
11000,136991,2,188,16,1,0,13
7945,161933,3,205,41,1,0,13
26500,36000,2,344,16,1,0,7
18200,33100,7,251,0,1,0,7
18000,86300,3,44,38,0,0,10
9000,85458,2,15,38,1,0,13
7500,127941,2,50,38,1,0,12
39000,115000,2,624,38,1,0,7
51950,67210,2,1002,59,0,0,11
36999,28377,2,814,11,1,1,4
27700,58000,2,625,35,1,0,6
11000,192000,2,101,10,0,0,18
23995,79995,2,913,59,1,0,10
14500,139000,2,587,38,1,0,17
10999,132000,2,609,59,0,0,15
21995,56860,2,558,17,0,0,13
48000,1300,2,860,31,1,0,4
69995,28844,2,564,21,2,1,19
33498,9601,2,534,40,1,1,4
12990,147191,2,609,16,0,0,13
10999,66000,2,148,16,1,0,14
42998,33704,3,202,32,1,1,5
25625,44486,2,200,36,1,1,8
44750,33455,2,777,16,1,0,5
17000,103400,2,398,10,0,0,15
18000,67874,2,312,16,1,0,13
36300,69548,7,887,0,0,0,5
36994,67516,2,553,40,1,0,6
10000,62930,2,389,38,0,0,18
26000,91600,2,456,16,1,0,9
39000,72000,2,731,38,0,0,7
37000,36000,2,836,31,1,0,12
13800,77000,2,276,31,1,0,14
18051,134655,2,558,17,1,0,10
44791,24915,2,558,40,1,1,5
69500,15600,2,952,59,1,0,16
25000,49500,2,291,16,1,0,8
9999,90236,1,290,59,1,0,12
115000,9000,2,1049,38,1,0,4
49998,77138,2,808,40,1,1,7
50900,43000,2,863,20,1,0,15
38500,81000,2,764,2,1,0,7
94000,2500,7,1128,38,1,0,3
17500,80124,2,781,23,1,0,15
24900,66690,2,309,59,0,0,8
33000,63460,1,704,38,1,0,8
12000,100780,2,576,31,0,0,15
35557,26998,2,549,17,1,1,7
17500,115550,2,329,35,1,0,11
16500,116451,2,676,20,1,0,16
11200,170000,2,464,38,0,0,21
29000,17340,2,263,38,1,0,10
50000,41000,3,690,31,1,0,5
9900,148000,2,695,38,0,0,15
43147,51351,2,972,40,1,0,5
10000,188000,6,1145,38,0,0,26
57000,77000,2,474,12,1,0,20
54999,47700,2,1081,31,0,0,8
35000,39000,2,686,59,0,0,9
44400,12055,7,887,38,1,0,4
27798,21478,2,555,40,1,1,5
34999,9835,2,200,32,1,1,5
18749,77000,2,129,50,0,0,7
38500,21300,2,781,23,0,0,14
51999,6640,2,928,38,1,0,4
15000,157500,2,588,10,0,0,18
28900,12370,2,170,31,1,0,8
19999,82849,2,576,31,1,0,13
15900,209193,2,315,38,1,0,26
23739,23131,2,204,41,0,1,6
28000,53000,2,368,38,0,0,8
25900,106000,2,745,35,1,0,9
6500,179000,2,350,38,0,0,24
72950,28260,2,917,2,1,0,5
54798,11238,2,541,40,1,1,4
44900,24158,4,828,31,1,0,5
26000,68575,2,422,38,0,0,11
139000,30200,2,1037,59,1,0,9
6499,124705,1,465,38,1,0,12
42999,8583,2,200,36,1,1,4
8900,163019,2,236,20,0,0,12
56740,14627,2,559,40,1,1,4
52500,60000,2,992,59,0,0,9
35999,36750,2,913,38,1,0,13
47000,11806,2,625,35,1,0,3
18000,163000,0,671,10,0,0,22
62450,31350,2,884,59,1,0,6
18000,78700,2,164,38,1,0,6
7899,151600,2,238,20,1,0,21
35000,54500,2,468,38,1,0,13
33000,53649,2,498,38,1,0,9
30000,67998,2,407,20,1,0,15
73500,69205,0,921,59,1,0,7
61059,14750,3,692,59,1,0,5
43837,25882,2,960,40,1,1,5
53900,26500,2,993,31,1,0,7
15000,50750,6,1145,12,1,0,32
34900,80500,2,883,31,1,0,8
68750,35250,2,1022,31,1,0,8
15750,135465,2,258,38,1,0,19
15900,119000,2,142,38,1,0,9
4300,106000,2,84,10,1,0,18
14980,96000,2,62,38,0,0,7
37900,46000,3,608,31,1,0,7
31755,18185,2,1,41,1,1,4
60000,13000,2,396,38,1,0,4
46787,14676,2,566,32,1,1,4
60867,18515,2,1007,20,0,0,8
31950,116300,2,593,16,1,0,9
31900,116210,1,742,58,1,0,11
10500,122000,2,101,38,1,0,18
42000,56000,2,777,16,1,0,7
32085,60942,2,200,32,1,0,5
150000,22000,2,1023,16,1,0,13
34500,78101,2,915,23,1,0,10
8995,83765,2,401,38,1,0,15
26900,59766,2,200,36,1,1,7
15000,97579,2,660,59,0,0,12
29000,75000,2,869,31,0,0,18
6499,196000,2,320,38,1,0,18
24000,32744,2,154,50,1,0,6
4500,160000,1,333,38,1,0,14
19425,54259,2,558,32,1,0,11
31500,39000,2,928,31,1,0,9
36500,67865,2,860,16,1,0,8
4300,121800,2,127,12,1,0,24
16000,89726,2,479,38,1,0,11
20900,45800,2,329,38,0,0,8
47645,22558,2,529,36,1,0,8
14000,111887,2,56,38,1,0,25
41000,65000,7,1001,38,1,0,8
13500,79635,2,458,38,1,0,22
29182,13865,2,6,32,1,0,4
12000,63250,2,26,8,1,0,25
9000,87305,6,1145,35,1,0,9
52000,22800,3,692,38,1,0,5
34000,33500,2,384,50,1,0,5
46995,26540,2,764,38,1,0,6
20999,45303,2,713,31,1,0,10
6500,181870,2,107,38,1,0,17
84900,25520,2,823,32,1,1,6
33290,36544,2,200,36,1,0,5
32541,46707,2,222,17,0,0,5
28890,50600,2,457,31,0,0,9
24000,40000,2,456,16,1,0,13
24998,26465,2,200,32,1,1,7
39848,41500,2,745,35,0,0,8
44249,20319,2,574,59,1,0,4
76000,20675,2,829,59,1,0,8
52645,25721,2,529,32,1,0,6
28324,55100,2,7,41,1,1,7
13800,127770,2,110,12,1,0,10
39499,18000,7,415,38,1,0,5
48995,31804,2,559,40,0,0,4
146000,940,7,1134,38,2,1,3
40200,11100,2,459,59,1,0,3
47500,21000,2,994,20,1,0,20
89900,39611,2,815,32,1,1,6
30999,25779,2,549,36,0,1,7
9499,89987,2,417,10,1,0,20
19000,60251,2,431,38,0,0,11
39900,14700,2,490,31,1,0,3
67000,54320,2,1114,31,0,0,6
250000,1685,2,200,36,1,0,5
27000,50000,2,356,23,0,0,7
29800,153818,0,842,16,0,0,15
17500,111650,2,482,16,0,0,12
65688,4285,2,980,40,1,0,3
83500,3950,2,991,38,1,0,3
18900,93400,1,483,38,1,0,11
15499,90360,2,291,38,0,0,10
10000,193783,2,382,38,0,0,18
36000,32000,2,926,38,1,0,11
46500,24115,7,929,38,1,0,4
40000,33000,3,357,38,1,0,5
50000,39000,3,692,31,1,0,7
82499,36670,2,833,59,1,0,12
31331,66107,2,559,11,1,1,9
20000,54000,2,253,38,1,0,18
4500,223824,3,85,38,0,0,15
24991,47839,2,221,17,1,0,7
51698,16554,2,190,40,1,1,5
34900,72784,2,915,23,1,0,10
46900,14000,2,447,31,1,0,4
32798,67882,2,555,40,1,1,10
15000,123000,2,576,38,1,0,17
29000,59980,2,795,23,1,0,7
39999,88454,2,915,35,1,0,9
78900,1900,2,844,59,1,0,3
51499,48619,2,831,2,1,0,8
28000,112000,2,874,59,0,0,17
10500,83000,2,391,38,1,0,23
7000,135603,2,46,38,1,0,15
8500,128000,2,148,16,1,0,14
4000,173452,2,37,8,0,0,22
40500,67500,2,764,2,1,0,7
90000,32936,2,1039,59,0,0,10
33900,25717,2,898,20,1,0,10
67963,31681,2,1074,40,0,1,4
26999,33000,2,580,59,0,0,5
28895,36187,7,429,0,1,0,8
74500,18860,0,914,2,1,0,4
20000,75000,2,356,38,1,0,9
11999,112854,2,695,23,1,0,15
30599,20296,2,200,32,1,1,7
73300,2925,2,200,25,1,0,3
23750,60930,2,416,20,1,0,9
26500,213000,2,280,8,1,0,29
41500,86000,2,390,10,1,0,12
78900,8200,3,899,2,1,0,3
31000,38718,2,686,23,1,0,14
19500,88000,1,595,38,1,0,11
20900,63277,2,110,16,1,0,8
24500,97496,2,793,20,2,1,23
24500,25420,2,86,50,1,0,4
42900,106385,0,788,16,0,0,13
32950,68000,2,625,59,0,0,10
20399,84000,2,745,23,1,0,11
7900,116226,2,479,16,1,0,14
4800,161900,1,321,38,0,0,19
41400,76000,2,471,38,1,0,9
69790,19200,2,881,2,1,0,4
16100,114500,1,850,38,1,0,14
47498,24001,2,551,32,1,1,4
39998,27158,2,196,40,1,1,6
34995,55050,2,841,8,1,0,23
14900,95000,2,329,16,0,0,11
41500,19200,2,928,20,1,0,7
29900,10300,2,693,53,1,0,5
15000,83315,2,263,38,1,0,12
12700,126000,2,674,38,0,0,14
94995,38500,2,881,38,0,0,5
42000,117878,0,721,59,1,0,9
32999,157272,0,721,16,0,0,9
47756,35597,1,1064,17,1,1,7
128900,6600,2,1019,59,1,0,6
30500,116500,2,881,31,0,0,10
19950,73120,2,416,50,0,0,9
6699,97395,2,117,20,1,0,16
24995,123256,2,789,31,1,0,12
21373,102370,2,686,23,1,0,12
42998,27256,2,540,13,1,1,6
6399,285000,2,316,8,1,0,29
15750,70700,2,148,16,1,0,12
44990,19800,7,887,0,1,0,6
5500,220000,2,56,38,1,0,25
22998,91798,3,1133,40,1,1,10
44999,48500,2,948,20,0,0,7
7350,215000,2,322,10,0,0,22
39390,16156,2,551,32,1,1,4
52000,45791,2,934,35,1,0,8
46000,11400,2,423,38,1,0,3
24590,77634,2,559,11,1,1,13
16500,138050,2,695,38,1,0,15
34995,105674,2,764,2,1,0,8
129000,19500,2,955,16,1,0,20
29999,14048,3,226,41,1,1,4
29900,26470,2,7,36,1,0,6
67000,64000,2,833,23,0,0,13
17999,73000,2,707,31,1,0,11
34000,61000,2,689,20,0,0,8
23999,54000,2,582,16,1,0,10
24900,102000,2,327,20,1,0,19
16370,15000,2,485,10,1,0,27
53722,52000,2,764,2,0,0,6
49000,25548,2,928,31,1,0,11
39687,53550,2,551,32,1,0,6
8900,185000,2,358,38,1,0,15
108000,7900,7,950,6,1,0,4
33995,49643,2,847,23,0,0,10
76740,22600,0,1075,40,2,1,4
87000,2950,3,763,31,1,0,3
172000,2100,2,1004,31,1,0,3
45480,22187,2,558,3,0,0,6
28700,53500,2,852,31,1,0,9
61350,28755,2,783,35,1,0,7
39999,52500,2,918,59,1,0,9
46999,16744,2,980,32,1,1,4
6900,124747,2,139,59,1,0,21
30000,55000,2,405,12,1,0,12
33999,17300,2,857,20,1,0,24
41500,14550,3,247,23,1,0,4
46500,54000,2,917,2,0,0,8
43500,77690,2,771,31,1,0,7
234900,17175,2,968,25,1,1,7
99000,211,7,1128,38,1,0,3
5900,169613,2,273,38,0,0,19
35900,51855,2,896,16,1,0,18
59000,17710,2,593,38,1,0,5
63500,108500,2,1005,23,1,0,10
24000,100245,0,169,38,0,0,14
38500,53000,2,624,38,0,0,6
85998,33749,2,822,40,1,1,6
130000,75151,2,868,38,1,0,5
6099,94100,2,377,20,1,0,21
61995,112000,0,921,16,1,0,7
10500,97615,2,460,16,1,0,17
29000,47200,2,699,31,0,0,9
14950,75600,2,147,38,0,0,8
29900,23097,7,429,38,1,0,6
7800,122000,2,54,12,1,0,25
45000,5856,2,496,20,1,0,19
36000,75000,2,731,16,1,0,8
36598,38356,2,190,40,1,1,6
22495,93009,1,973,9,1,0,15
33500,42717,2,372,38,1,0,6
18500,15020,2,122,38,1,0,18
33500,33700,6,1145,20,1,0,14
4500,178000,2,422,38,0,0,17
18800,159500,2,881,16,0,0,11
58000,55000,2,771,38,0,0,9
15495,96273,2,454,31,0,0,12
65000,25000,2,1044,59,0,0,9
37999,49252,7,1133,1,1,1,5
42500,41789,2,802,38,0,0,9
51000,66000,2,777,16,1,0,8
52590,39500,2,904,59,1,0,11
18000,128032,2,632,59,1,0,10
44605,39105,2,529,3,1,0,5
10900,111000,2,634,38,1,0,15
19000,73500,2,338,23,1,0,11
46598,4665,7,1132,40,1,1,4
12000,49626,2,311,38,1,0,19
28000,76500,2,489,12,1,0,13
25500,24000,2,57,38,1,0,5
259000,10000,2,1046,38,1,0,20
38005,34742,2,566,32,0,0,5
41986,26177,2,972,40,2,1,6
23999,73000,2,650,59,1,0,10
32000,38000,2,830,38,1,0,8
13300,47000,2,383,12,1,0,19
24000,124000,2,616,59,1,0,11
128000,32376,2,868,38,1,0,7
39900,8700,2,605,20,1,0,16
10800,102000,2,334,16,1,0,14
46500,20500,7,887,0,1,0,4
19998,108000,2,623,59,1,0,11
7500,170000,2,450,38,1,0,20
9950,143898,2,769,16,1,0,15
55500,20760,7,849,38,1,0,8
145000,10000,2,925,31,1,0,3
29000,30300,2,677,38,0,0,11
5000,206000,2,414,59,1,0,14
44000,27500,7,929,38,1,0,6
44950,43671,3,552,41,1,1,7
12000,78500,2,136,8,1,0,17
69900,15840,2,505,31,1,0,3
72995,59355,2,1144,40,1,0,6
66998,38671,3,520,40,1,1,4
49900,56000,2,996,31,1,0,10
29725,43875,2,550,41,0,1,5
30000,77000,2,605,20,0,0,12
85500,16280,2,750,59,1,0,8
25000,19500,2,248,31,1,0,7
19500,106000,2,986,59,1,0,20
101000,11102,2,1081,31,1,0,5
5200,156111,2,20,59,0,0,19
8800,112000,2,699,38,1,0,13
12500,149961,2,643,38,0,0,23
23000,52500,2,416,20,1,0,11
11800,140500,1,662,38,1,0,14
28000,10000,2,76,50,1,0,4
20000,217500,2,731,38,1,0,11
42388,51808,2,966,3,1,0,5
16000,62500,2,609,20,1,0,13
42500,26840,2,932,20,1,0,8
18300,83298,2,356,38,1,0,9
19000,20800,2,49,16,1,0,6
22500,27000,2,417,23,1,0,16
38095,75000,2,593,16,0,0,8
19950,38100,2,383,12,1,0,18
6999,136500,2,151,12,1,0,28
117500,2900,2,1094,31,1,0,3
243900,17761,2,570,25,1,1,8
31000,24500,2,356,38,1,0,7
33687,11737,2,222,17,1,0,5
59000,1600,3,618,38,1,0,4
48600,52375,2,1044,31,0,0,10
40750,2121,2,368,31,1,0,3
12700,116612,2,633,31,0,0,11
70000,32000,2,924,59,1,0,8
22000,139200,0,95,38,0,0,10
52889,92149,0,1075,17,2,1,8
63995,57785,3,800,38,1,0,6
29000,61000,7,870,38,1,0,14
82150,24500,2,372,35,1,0,4
60998,10483,2,521,40,1,1,5
34700,31000,6,1145,20,1,0,7
72980,38000,2,938,59,1,0,5
38998,11111,2,196,40,1,1,5
44900,13465,2,928,31,1,0,9
5000,142215,2,328,8,1,0,23
35999,75965,2,919,23,0,0,13
11499,67482,4,168,50,0,0,9
9998,100500,2,670,38,1,0,21
17900,25718,2,383,53,1,0,19
30000,94500,2,731,38,0,0,11
4700,160000,2,753,38,1,0,15
25221,84272,2,772,16,0,0,10
12900,105760,2,420,16,1,0,16
6750,136400,2,389,10,0,0,19
13000,143390,2,457,16,1,0,12
8900,91420,2,283,16,1,0,21
20000,67500,2,625,31,1,0,9
43500,31700,2,494,38,1,0,4
209995,1766,2,812,40,1,1,4
86999,13500,2,665,31,1,0,4
45000,33300,0,169,23,1,0,5
8900,110000,2,425,38,1,0,23
70250,11250,2,881,38,1,0,5
35500,107750,2,881,31,1,0,10
75000,13700,2,954,38,1,0,5
25000,60000,2,687,20,1,0,25
59000,56006,2,1049,59,1,0,8
63500,28500,2,729,20,1,0,21
22000,110380,2,642,38,0,0,8
45750,79876,2,1051,23,1,0,11
9250,53249,3,64,38,0,0,19
94500,655,7,1128,0,1,0,3
35999,6449,2,206,17,0,1,5
21000,17000,2,573,2,0,0,6
39900,25300,3,692,23,1,0,6
46598,32705,0,514,40,1,1,6
43900,6645,2,203,32,1,1,3
9000,126000,2,273,38,1,0,19
10000,80800,2,129,38,1,0,12
37500,61145,2,1035,23,0,0,13
35000,72393,2,664,2,1,0,8
23000,102000,2,753,16,1,0,13
22500,86000,2,464,38,1,0,21
12950,125500,2,329,38,0,0,11
27500,34600,2,847,59,1,0,12
259500,2250,2,1091,31,1,0,4
81500,53169,2,881,38,1,0,5
31871,26315,2,200,32,1,0,6
5800,113000,2,66,12,1,0,15
11495,99200,2,596,38,2,1,13
61950,13100,2,933,27,1,0,7
82500,9000,2,954,31,1,0,3
50000,37000,2,689,31,0,0,6
6999,166200,2,261,38,0,0,17
44700,78000,2,944,59,0,0,8
99950,2071,2,966,40,1,1,4
29500,72329,2,699,23,1,0,11
13000,76495,2,236,38,0,0,10
82000,48300,2,782,38,1,0,5
179900,31000,2,1052,59,1,0,7
30500,62000,2,642,31,1,0,8
33889,25348,2,525,32,0,1,8
19395,64532,3,166,38,0,0,7
29798,13613,2,195,40,1,1,5
55000,9100,2,446,20,1,0,16
11000,128000,2,244,20,1,0,12
15000,99499,2,267,59,0,0,12
78350,2437,3,763,59,1,0,3
28000,87500,2,368,59,1,0,8
28900,39615,2,513,44,1,1,7
60200,41000,2,1081,59,1,0,8
20995,54700,1,290,31,0,0,11
8750,35698,2,1123,38,1,0,9
36990,36180,2,423,38,1,0,5
36590,58816,2,972,19,1,1,9
19500,61450,2,686,23,1,0,14
32990,57500,2,752,38,1,0,7
19900,60800,2,163,16,1,0,7
21000,104000,2,616,31,1,0,12
29950,74000,2,874,23,1,0,11
11500,111000,2,276,59,1,0,13
12000,41615,7,27,0,1,0,10
15300,87000,2,576,38,1,0,18
120990,1185,2,859,2,1,0,3
67190,39517,2,972,3,0,1,3
68000,6400,2,779,59,1,0,5
32500,10500,2,310,59,1,0,4
39998,17377,2,194,40,1,1,4
81500,13000,3,889,35,1,0,4
26599,16120,2,210,33,1,1,4
19500,94000,2,574,20,1,0,21
24980,36466,2,547,41,1,1,4
26900,130000,2,890,38,0,0,13
145000,19000,2,916,23,1,0,8
38500,19162,2,372,59,1,0,5
33580,24985,2,323,10,2,1,19
60995,10950,2,884,20,1,0,8
26691,62197,2,559,32,1,0,8
97555,31500,2,872,23,1,0,9
45277,38012,2,980,32,1,0,5
7500,64776,2,241,38,1,0,25
6000,189500,2,97,12,1,0,18
24000,90000,2,639,20,2,1,23
29900,20400,3,264,50,1,0,4
85000,9281,2,901,38,1,0,3
61900,15629,2,982,21,1,1,12
114000,16010,2,1043,38,1,0,6
30490,40570,2,898,20,0,0,10
6000,144900,2,82,59,1,0,14
44888,19000,2,953,59,1,0,8
132998,4514,2,822,40,1,1,4
65999,12000,2,637,2,0,0,4
47800,25250,7,929,0,1,0,4
25800,51133,2,200,36,0,1,6
12900,160249,1,850,38,1,0,14
65990,43534,7,1009,0,1,0,6
16500,33850,2,110,16,1,0,9
17500,49279,7,243,0,1,0,8
91995,600,3,899,2,1,0,3
37500,52111,2,873,31,0,0,11
53000,12900,2,764,31,1,0,4
86900,13250,2,823,32,1,1,5
46900,118700,2,782,31,1,0,10
29975,62089,7,678,38,1,0,11
171900,8984,2,569,25,1,1,8
28748,33523,3,205,41,1,1,5
56998,4624,2,190,40,1,1,3
6700,101600,2,376,38,1,0,19
30000,146500,2,875,20,0,0,18
35999,67000,2,699,31,1,0,9
71400,16307,3,690,38,1,0,3
45999,16616,2,980,32,1,1,4
40000,10400,2,932,2,1,0,7
19999,79000,2,846,23,1,0,14
86500,4500,2,897,2,1,0,4
95580,3490,2,991,31,1,0,3
37900,175000,2,777,16,0,0,18
39000,26000,2,928,31,1,0,8
26499,110000,1,995,38,0,0,11
42000,63000,2,936,38,0,0,9
12500,136000,2,434,38,1,0,19
36000,63750,2,860,16,1,0,8
5000,61595,2,1112,10,1,0,18
69000,15000,3,727,38,1,0,5
71999,48306,2,1062,3,0,0,4
18500,92530,1,653,38,0,0,15
44340,19291,2,200,32,1,1,5
77897,13735,2,823,32,1,1,3
55600,28399,2,936,23,1,0,9
52999,25793,2,525,32,1,1,6
38598,62808,2,516,40,0,1,8
63500,66281,0,921,59,1,0,8
75000,19324,2,930,59,1,0,9
98000,14206,2,782,38,1,0,5
10700,132700,2,255,38,0,0,16
22500,93000,2,956,38,1,0,21
42500,18000,7,1134,38,1,0,5
34562,55621,2,558,36,1,1,7
200000,105,0,94,23,1,0,4
28000,66000,2,407,38,2,1,15
74999,22500,2,1004,59,0,0,4
5500,181000,2,276,38,1,0,15
40250,24933,2,890,59,0,0,13
50000,92671,0,921,38,0,0,7
39244,56247,2,558,36,1,0,6
25999,90641,2,197,32,1,1,8
20000,63000,6,1145,35,1,0,9
6100,187000,6,1145,8,0,0,18
56515,7414,7,887,38,1,0,3
28500,25000,2,178,31,1,0,5
42590,62257,2,972,32,1,1,5
4500,133510,1,32,38,1,0,26
40000,156453,0,905,16,1,0,9
38000,58000,2,353,38,1,0,7
52000,5844,7,887,38,1,0,3
6300,77700,2,84,12,1,0,18
39599,18031,7,1133,1,1,1,5
69900,12700,2,1117,31,0,0,6
14000,115000,2,479,16,1,0,13
24000,55000,0,80,38,1,0,22
12950,106000,2,453,16,1,0,17
36999,23344,2,529,24,1,1,6
33531,15636,2,217,41,1,1,5
28500,21400,2,452,31,1,0,7
7500,172024,2,271,8,0,0,16
10995,196300,1,653,16,1,0,12
27899,42125,2,217,41,1,0,5
39857,48842,2,814,11,0,0,7
31000,16700,2,146,31,1,0,4
88900,11459,2,881,2,1,0,5
76598,42245,0,1138,40,1,1,5
36750,12080,7,429,38,1,0,4
77430,8911,2,553,3,0,0,3
38000,52100,2,593,16,1,0,8
16488,79785,2,676,23,0,0,12
59598,35999,3,810,40,1,1,6
5000,99000,2,119,16,0,0,10
4999,222600,2,444,8,1,0,24
24950,145000,2,731,16,1,0,11
15999,69750,2,576,31,0,0,13
24900,35400,2,598,23,1,0,22
71950,35400,2,1094,31,1,0,6
40000,55000,2,650,59,1,0,9
41900,57500,2,883,31,1,0,8
24700,103866,2,498,31,0,0,9
30000,44168,2,719,8,1,0,24
